elapsed_ms,acc_x_g,acc_y_g,acc_z_g,gyro_x_dps,gyro_y_dps,gyro_z_dps,angle_x_deg,angle_y_deg,angle_z_deg
0,-0.1543,0.4116,-0.9712,19.287,-14.16,-0.671,156.066,8.674,130.446
40,-0.1992,0.3511,-1.084,-25.146,-3.784,1.709,155.479,8.575,130.441
51,-0.1992,0.3511,-1.084,-9.338,-8.301,-1.221,155.391,8.652,130.413
100,-0.1768,0.4004,-0.9492,6.653,-9.766,-4.883,155.967,9.207,130.441
110,-0.1782,0.3887,-0.9619,6.653,-9.766,-4.883,156.044,9.322,130.457
140,-0.1724,0.4131,-0.9775,0.549,-6.592,-3.784,156.11,9.575,130.501
150,-0.1724,0.4131,-0.9775,0.793,-5.859,-2.258,156.132,9.641,130.496
169,-0.1899,0.4111,-0.9878,0.244,-5.31,-1.892,156.16,9.761,130.485
190,-0.1929,0.4028,-0.9839,2.014,-3.662,-5.249,156.22,9.882,130.529
209,-0.1929,0.4028,-0.9839,4.7,-1.77,-7.446,156.363,9.987,130.644
219,-0.1807,0.3804,-0.9644,4.7,-1.77,-7.446,156.473,10.031,130.715
259,-0.1748,0.3613,-0.9648,7.874,-3.418,-5.859,157.0,10.245,130.924
299,-0.1562,0.3774,-0.9614,3.357,-0.488,-4.089,157.286,10.3,131.072
309,-0.1562,0.3774,-0.9614,2.38,0.305,-3.784,157.324,10.294,131.105
329,-0.1548,0.3682,-0.9419,0.427,1.282,-2.991,157.346,10.245,131.171
369,-0.1523,0.3672,-0.9341,-10.376,7.08,0.0,157.121,9.981,131.276
388,-0.1606,0.3921,-0.9331,-9.766,7.141,-0.061,156.94,9.833,131.336
418,-0.1621,0.3965,-0.9541,-3.418,5.432,-0.854,156.797,9.651,131.424
468,-0.1792,0.4097,-0.979,3.052,1.587,-3.418,156.923,9.564,131.578
479,-0.1792,0.4097,-0.979,0.427,1.953,-4.395,156.945,9.58,131.622
488,-0.209,0.3823,-0.9438,0.427,1.953,-4.395,156.929,9.602,131.682
498,-0.2114,0.3892,-0.9312,-8.24,2.258,-6.47,156.863,9.63,131.754
519,-0.188,0.4165,-0.9209,-18.005,3.174,-6.409,156.555,9.651,131.896
538,-0.1548,0.4395,-0.9497,-18.433,5.676,-6.47,156.182,9.602,132.056
548,-0.1548,0.4395,-0.9497,-18.433,5.676,-6.47,156.017,9.531,132.149
588,-0.1294,0.4302,-0.9878,-10.986,11.963,-5.737,155.643,9.146,132.528
628,-0.1685,0.4028,-0.9844,-1.587,13.489,-3.723,155.544,8.767,132.946
637,-0.1685,0.4028,-0.9844,-1.587,13.489,-3.723,155.599,8.652,133.022
687,-0.1406,0.3804,-0.9399,12.329,10.01,1.465,156.198,8.113,133.22
767,-0.1226,0.3813,-0.8955,-6.287,14.893,4.15,156.127,7.048,133.363
797,-0.1245,0.397,-0.9067,-16.724,13.855,1.831,155.671,6.658,133.473
807,-0.1167,0.4136,-0.9385,-16.724,13.855,1.831,155.517,6.548,133.506
827,-0.1138,0.4141,-0.9453,-15.198,8.423,1.526,155.237,6.367,133.555
837,-0.1138,0.4141,-0.9453,-13.062,6.958,1.77,155.127,6.306,133.566
847,-0.1138,0.4141,-0.9453,-10.986,5.92,2.563,155.028,6.246,133.572
907,-0.127,0.4282,-0.9565,5.737,-0.488,0.244,155.006,6.125,133.528
917,-0.1343,0.4131,-0.9551,5.737,-0.488,0.244,155.105,6.152,133.517
957,-0.1206,0.4038,-0.9492,21.545,-6.287,-0.061,155.858,6.356,133.429
997,-0.127,0.4087,-0.9414,19.226,-8.24,-1.099,156.731,6.647,133.341
1006,-0.127,0.4087,-0.9414,14.648,-8.057,-0.793,156.868,6.724,133.314
1016,-0.1162,0.4395,-0.9546,9.766,-7.507,-1.282,156.945,6.795,133.297
1026,-0.1152,0.4663,-0.9697,9.766,-7.507,-1.282,156.989,6.855,133.292
1066,-0.1123,0.4849,-0.9976,20.142,-1.831,-3.662,157.489,7.009,133.319
1126,-0.0942,0.2871,-0.8467,107.971,-15.686,-31.372,161.169,7.311,134.05
1136,-0.3799,0.0586,-0.8193,107.971,-15.686,-31.372,162.4,7.74,134.242
1155,-0.1875,0.1509,-0.7866,34.424,-18.311,-13.367,163.586,8.328,134.429
1176,-0.1665,0.2153,-0.958,21.667,-18.677,5.005,163.993,8.734,134.313
1265,-0.2891,0.0186,-0.6631,-69.092,-9.277,-5.005,162.834,11.245,133.16
1285,-0.4341,0.6816,-0.9224,-78.735,-7.263,0.671,161.169,11.525,132.957
1305,0.1353,0.4883,-1.0811,-78.735,-7.263,0.671,160.285,11.739,132.462
1375,-0.5674,0.3262,-0.9009,20.142,-28.687,0.0,157.687,14.084,132.067
1385,-0.5674,0.3262,-0.9009,59.937,-21.912,27.161,158.242,14.112,131.726
1395,-0.5674,0.3262,-0.9009,33.752,-25.696,25.879,158.522,14.101,131.38
1435,-0.1777,0.5747,-1.1514,56.946,-48.584,-5.92,158.632,15.309,130.413
1465,-0.3804,0.1758,-0.7954,23.926,-0.916,-10.498,159.549,15.826,130.605
1494,-0.1855,0.5801,-1.2144,12.695,-13.794,-5.249,159.027,15.765,130.688
1505,-0.1855,0.5801,-1.2144,55.847,-32.471,-15.991,159.516,16.013,130.721
1614,-0.1021,0.5,-1.0073,-52.185,-4.028,7.08,158.346,15.557,130.963
1654,-0.2866,0.3643,-0.8506,38.635,-24.963,14.16,158.95,15.864,130.15
1694,-0.2939,0.2891,-0.7549,-14.526,6.287,-10.986,158.752,15.568,130.737
1714,-0.2617,0.4727,-1.0503,46.265,-17.822,-5.859,159.269,15.732,130.765
1724,-0.2876,0.4966,-0.9766,46.265,-17.822,-5.859,159.944,16.095,130.836
1764,-0.2559,0.1943,-0.8511,-59.875,-45.044,-35.706,160.455,19.05,131.825
1783,-0.4326,0.2896,-0.8022,-124.023,5.066,-5.676,158.357,19.44,132.045
1793,-0.4326,0.2896,-0.8022,-125.793,11.902,4.761,157.115,19.336,132.045
1804,-0.4326,0.2896,-0.8022,-109.985,2.319,5.493,156.006,19.276,132.001
1823,-0.1733,0.4458,-1.0371,-82.214,-24.719,5.005,154.144,19.479,131.748
1853,-0.3955,0.5713,-0.8437,-65.918,-21.179,5.493,151.622,20.012,131.545
1873,-0.3789,0.3608,-0.7856,-42.664,-15.869,8.667,151.018,20.154,131.182
1913,-0.3423,0.2764,-0.8672,58.044,-34.729,22.278,152.737,20.49,129.831
1922,-0.3423,0.2764,-0.8672,58.044,-34.729,22.278,152.952,20.632,129.578
2013,-0.5,0.2134,-0.708,-24.414,-13.794,-10.437,150.117,22.538,130.095
2023,-0.4976,0.3008,-0.8125,-24.414,-13.794,-10.437,150.397,22.879,130.029
2043,-0.3706,0.6377,-1.062,-24.414,-13.794,-10.437,151.699,23.73,129.705
2063,-0.3452,0.6899,-1.0786,92.468,-73.73,-45.959,153.485,25.302,129.694
2072,-0.3452,0.6899,-1.0786,92.468,-73.73,-45.959,154.177,25.834,129.875
2082,-0.3472,0.5859,-0.7964,92.468,-73.73,-45.959,154.528,26.186,130.078
2103,-0.4854,0.3623,-0.6152,-8.667,-9.338,-20.508,153.886,26.384,130.336
2122,-0.6304,0.2017,-0.7012,-8.667,-9.338,-20.508,152.809,25.834,130.276
2132,-0.6304,0.2017,-0.7012,28.259,43.64,19.043,153.166,25.477,130.309
2152,-0.6304,0.2017,-0.7012,28.259,43.64,19.043,155.204,25.115,130.078
2172,-0.6304,0.2017,-0.7012,117.31,-48.035,-6.897,157.714,25.598,129.792
2181,-0.6304,0.2017,-0.7012,92.712,-64.575,-16.296,158.555,26.164,129.688
2242,-0.4551,0.1455,-0.7109,-35.583,11.169,17.822,157.758,26.406,129.287
2282,-0.543,0.2275,-0.8286,36.743,-30.945,0.61,157.687,26.763,128.425
2301,-0.3018,0.5132,-0.9727,8.301,-19.836,-16.663,158.044,27.142,128.496
2331,-0.3633,0.3877,-0.7139,-93.262,14.465,5.188,156.05,26.977,128.732
2341,-0.5396,0.1904,-0.644,-93.262,14.465,5.188,155.325,26.922,128.716
2351,-0.5396,0.1904,-0.644,-42.358,8.606,5.371,155.028,26.938,128.699
2391,-0.3989,0.0977,-0.5679,54.871,-47.485,-17.029,157.099,27.504,128.677
2431,-0.3701,0.4199,-0.7324,-40.71,-0.305,-7.019,157.159,28.251,128.848
2461,-0.5122,0.1865,-0.6567,-19.958,27.405,20.386,156.143,27.488,128.798
2571,-0.3823,0.5444,-0.6836,-28.87,29.114,8.667,154.698,27.9,128.573
2590,-0.5586,0.2261,-0.8027,-28.87,29.114,8.667,155.385,27.773,128.54
2650,-0.4204,0.5391,-0.6563,-48.401,-0.305,10.62,155.308,28.625,128.007
2670,-0.5732,0.2222,-0.6436,-36.438,29.541,14.526,154.363,28.24,127.925
2680,-0.6064,0.1401,-0.6914,-36.438,29.541,14.526,154.495,28.098,127.952
2710,-0.6074,0.2007,-0.7485,33.997,-21.667,2.563,155.654,28.213,127.76
2720,-0.4146,0.4053,-1.1348,33.997,-21.667,2.563,155.945,28.482,127.672
2760,-0.3545,0.478,-1.0327,-45.898,4.333,5.92,155.16,29.009,127.568
2790,-0.5298,0.1333,-0.7451,-33.264,26.367,8.057,154.512,28.488,127.645
2809,-0.5264,0.1504,-0.73,-33.264,26.367,8.057,155.462,28.389,127.524
2830,-0.4575,0.5044,-1.1118,33.63,-19.043,4.639,155.956,28.724,127.244
2919,-0.6157,0.1221,-0.6328,38.086,-5.615,20.569,154.418,28.35,127.458
2949,-0.333,0.4282,-0.9712,25.024,-40.161,-6.104,155.11,28.982,126.815
2979,-0.4326,0.561,-0.6494,-25.269,-13.672,1.099,153.913,29.07,126.546
3009,-0.584,0.4775,-0.8433,-0.977,16.357,4.883,152.902,28.542,126.458
3019,-0.584,0.4775,-0.8433,19.226,11.414,-1.892,153.166,28.444,126.535
3040,-0.4434,0.2114,-0.9121,26.917,-5.493,-10.925,154.039,28.482,126.722
3059,-0.436,0.3086,-0.7456,-5.127,-12.756,0.427,154.182,28.691,126.672
3089,-0.5586,0.7524,-0.875,-13.123,-5.432,15.137,153.287,28.63,126.172
3158,-0.4302,0.3564,-0.9131,14.16,7.568,-5.188,153.962,28.141,126.31
3188,-0.5083,0.4512,-0.791,-24.353,8.85,-1.343,153.182,28.081,125.986
3218,-0.4292,0.0366,-0.5527,-24.353,8.85,-1.343,153.759,27.565,126.552
3228,-0.4663,0.123,-0.6328,-24.353,8.85,-1.343,154.27,27.504,126.414
3238,-0.5146,0.3613,-0.772,-24.353,8.85,-1.343,154.688,27.499,126.057
3278,-0.52,0.5713,-1.0273,-35.4,-9.644,-1.892,154.248,27.603,125.129
3327,-0.6289,0.3481,-0.8384,-4.578,28.442,8.911,152.875,26.576,125.502
3348,-0.6289,0.3481,-0.8384,39.124,3.784,-11.414,154.061,26.526,125.722
3457,-0.3911,0.3662,-0.8184,1.526,-5.005,-10.803,155.149,27.142,125.228
3468,-0.4771,0.4648,-0.7754,-10.315,-11.169,12.634,154.907,27.191,125.046
3487,-0.4771,0.4648,-0.7754,2.747,-2.991,6.165,154.594,27.296,124.794
3497,-0.4873,0.4785,-0.834,2.747,-2.991,6.165,154.693,27.257,124.838
3546,-0.4575,0.2593,-0.7896,5.432,-10.681,-0.549,155.429,27.57,124.942
3577,-0.481,0.4507,-0.9604,20.569,-3.601,-5.676,155.77,27.773,124.821
3597,-0.3682,0.2407,-0.7729,20.569,-3.601,-5.676,156.292,27.658,125.09
3607,-0.3589,0.292,-0.7607,20.569,-3.601,-5.676,156.396,27.493,125.178
3647,-0.3804,0.3706,-0.7554,-2.136,11.23,7.202,156.033,26.927,124.887
3677,-0.4351,0.0786,-0.6885,-9.827,15.442,0.061,156.193,26.68,125.041
3746,-0.4219,0.7095,-1.0576,-11.78,18.616,0.0,156.66,26.318,123.981
3756,-0.4219,0.7095,-1.0576,-22.034,28.198,-4.761,156.484,26.082,124.151
3796,-0.4595,0.3384,-0.708,1.343,21.545,3.235,155.984,25.258,124.579
3806,-0.4595,0.3384,-0.708,-7.08,7.141,-6.47,156.055,25.236,124.678
3816,-0.4702,0.0962,-0.8672,7.324,-2.38,-7.69,156.33,25.318,124.744
3826,-0.4526,0.0498,-0.7622,7.324,-2.38,-7.69,156.764,25.433,124.788
3866,-0.3857,0.8228,-1.0913,28.931,-21.606,20.691,157.297,25.604,123.97
3875,-0.3857,0.8228,-1.0913,-5.005,-5.066,7.019,157.209,25.62,123.876
3906,-0.4824,0.5625,-0.7969,-23.315,13.123,-28.32,156.127,25.12,125.063
3915,-0.5439,0.0386,-0.6738,-29.846,42.542,-28.076,156.028,24.846,125.535
3936,-0.5439,0.0386,-0.6738,-0.366,21.301,-9.033,156.275,24.296,126.183
3976,-0.4194,0.4419,-1.041,3.357,-26.184,6.104,156.297,24.609,125.519
4036,-0.4365,0.2578,-0.5342,6.775,13.672,13.489,154.99,23.714,125.349
4045,-0.3682,0.6523,-1.0786,6.775,13.672,13.489,155.176,23.637,125.277
4054,-0.3457,0.689,-1.1167,6.775,13.672,13.489,155.391,23.687,125.206
4085,-0.3457,0.689,-1.1167,-13.245,7.568,-11.536,155.533,23.873,125.338
4094,-0.3457,0.689,-1.1167,-13.245,7.568,-11.536,155.407,23.796,125.524
4125,-0.5103,0.3604,-0.7603,0.488,3.845,5.737,155.154,23.522,125.689
4155,-0.3174,0.7471,-1.1484,20.996,-21.118,5.798,155.55,24.016,125.239
4195,-0.4395,0.1855,-0.5928,8.24,-23.56,-1.404,154.825,23.868,125.425
4214,-0.4351,0.3384,-0.7441,-24.902,30.457,4.517,154.287,23.203,125.689
4235,-0.3291,0.6304,-1.1016,1.221,3.235,4.578,154.193,22.983,125.651
4304,-0.4858,0.4595,-0.8306,-34.058,14.526,-13.611,153.375,22.901,126.381
4324,-0.4897,0.4556,-0.8418,-19.531,16.663,2.075,152.946,22.544,126.53
4344,-0.4238,0.1104,-0.7637,7.996,0.916,0.977,-179.583,22.462,126.563
4364,-0.4175,0.0381,-0.6318,7.996,0.916,0.977,176.852,22.813,126.277
4384,-0.4175,0.0381,-0.6318,39.795,-48.279,29.419,177.078,23.516,125.618
4454,-0.4092,0.5869,-0.8716,-60.181,62.927,-24.597,175.001,22.258,126.085
4494,-0.48,0.083,-0.6318,44.8,-34.058,10.742,173.177,22.0,126.03
4503,-0.48,0.083,-0.6318,44.8,-34.058,10.742,173.628,22.28,125.87
4534,-0.4146,0.5957,-0.854,21.301,-42.969,2.075,174.82,23.637,125.508
4563,-0.3452,0.6206,-0.9062,-24.658,19.897,4.395,174.287,23.203,125.458
4603,-0.502,0.1812,-0.7129,-36.316,12.451,-11.414,173.463,22.703,125.728
4633,-0.481,0.1963,-0.6641,-4.089,3.723,-5.31,172.969,22.319,126.107
4652,-0.313,0.6416,-1.0869,-4.089,3.723,-5.31,173.408,22.852,125.876
4673,-0.2334,0.5962,-1.0342,25.696,-44.739,4.15,173.99,23.736,125.667
4713,-0.4004,0.6016,-0.9487,-69.214,27.527,-3.479,172.123,23.401,125.766
4732,-0.4761,0.1997,-0.624,5.859,40.466,-8.545,172.051,22.527,126.096
4753,-0.4248,0.3057,-0.8008,39.978,-8.911,5.493,172.755,22.44,126.09
4802,-0.5161,0.6709,-0.8447,-36.56,-30.701,9.216,172.425,23.818,125.453
4822,-0.4268,0.2207,-0.6484,-36.56,-30.701,9.216,171.563,22.698,125.799
4842,-0.394,0.3076,-0.8379,0.244,45.349,-6.104,171.887,22.0,125.925
4882,-0.3799,0.6479,-0.8115,-32.104,-35.461,20.081,172.568,23.17,125.217
4902,-0.4644,0.5054,-0.7271,-39.368,-15.503,6.287,171.37,23.357,125.063
4922,-0.5088,0.4585,-0.7412,-16.968,50.964,12.634,170.31,22.857,124.926
4942,-0.4717,0.5059,-0.688,22.827,22.522,12.39,170.085,22.319,124.733
4951,-0.4717,0.5059,-0.688,21.912,8.606,3.662,170.107,22.22,124.711
4982,-0.311,0.4839,-0.9492,13.184,-26.978,-8.179,170.162,22.731,124.821
4991,-0.311,0.4839,-0.9492,-1.038,-25.085,-5.432,169.953,22.934,124.832
5002,-0.311,0.4839,-0.9492,-14.771,-16.052,-0.793,169.563,23.06,124.81
5012,-0.4072,0.5293,-0.8188,-14.771,-16.052,-0.793,169.085,23.055,124.766
5052,-0.4678,0.4258,-0.7461,4.272,18.066,7.874,167.91,22.302,124.64
5101,-0.2695,0.6797,-0.9888,33.264,-3.418,11.597,168.624,22.923,124.107
5121,-0.3936,0.7412,-0.9517,13.245,-38.879,-7.751,168.063,23.461,124.107
5161,-0.4639,0.5835,-0.8745,-26.428,56.519,-7.69,166.102,22.659,124.805
5201,-0.3379,0.4512,-0.9995,57.678,-33.997,4.211,167.195,22.67,124.876
5231,-0.3379,0.4512,-0.9995,10.315,-74.646,-0.854,167.877,24.241,124.525
5261,-0.2822,0.7754,-0.6226,10.315,-74.646,-0.854,164.833,24.384,124.409
5271,-0.2822,0.7754,-0.6226,-34.973,75.684,-0.183,164.438,23.736,124.629
5281,-0.3862,0.3447,-0.6069,-34.973,75.684,-0.183,164.531,23.143,124.843
5290,-0.3862,0.3447,-0.6069,-34.973,75.684,-0.183,164.669,22.95,124.958
5380,-0.4683,0.5542,-0.8296,-9.705,-7.69,-16.235,164.487,25.038,125.349
5400,-0.4756,0.4712,-0.8481,-9.705,-7.69,-16.235,164.399,25.214,125.618
5420,-0.4111,0.2979,-0.813,1.953,-5.432,-15.015,164.432,25.444,125.903
5430,-0.4111,0.2979,-0.813,12.634,-4.639,-12.085,164.526,25.516,126.019
5460,-0.4707,0.5503,-0.8506,19.531,-13.367,6.958,164.691,25.763,125.876
5490,-0.4224,0.439,-0.7837,-0.61,-4.395,1.831,164.152,25.807,125.777
5539,-0.4307,0.5039,-0.873,3.357,13.184,14.221,163.284,24.961,125.744
5579,-0.3755,0.5361,-0.9531,9.155,7.385,15.259,162.977,24.219,125.228
5589,-0.3755,0.5361,-0.9531,0.488,9.827,18.005,162.845,24.06,125.068
5600,-0.4463,0.3086,-0.7583,0.488,9.827,18.005,162.62,23.884,124.904
5629,-0.4829,0.3394,-0.6685,-13.0,25.635,26.611,161.669,23.203,124.36
5640,-0.4829,0.3394,-0.6685,9.46,11.23,16.052,161.625,23.033,124.233
5659,-0.4395,0.6318,-0.877,9.46,11.23,16.052,161.653,23.258,124.113
5669,-0.4395,0.6318,-0.877,38.818,-22.949,-19.958,161.988,23.456,124.239
5679,-0.3159,0.4429,-0.9033,40.894,-25.269,-21.301,162.361,23.698,124.376
5689,-0.3159,0.4429,-0.9033,40.894,-25.269,-21.301,162.653,23.923,124.497
5739,-0.3833,0.4536,-0.8335,-22.4,15.625,-0.061,161.466,23.555,124.59
5749,-0.3989,0.3667,-0.7363,-22.4,15.625,-0.061,161.213,23.351,124.728
5769,-0.4214,0.3291,-0.6563,-27.283,41.87,7.935,160.615,22.742,124.948
5789,-0.4214,0.3291,-0.6563,-20.386,27.405,34.912,159.752,22.033,124.667
5878,-0.4795,0.3789,-0.8384,8.362,2.869,15.259,160.637,22.632,124.574
5888,-0.4795,0.3789,-0.8384,34.973,-4.578,9.583,160.834,22.582,124.459
5899,-0.4795,0.3789,-0.8384,34.973,-4.578,9.583,161.032,22.703,124.393
5928,-0.2119,0.4497,-0.7285,34.973,-4.578,9.583,159.84,22.549,124.508
5939,-0.4639,0.5547,-0.5977,-70.129,22.4,-2.502,158.956,22.418,124.618
5948,-0.4639,0.5547,-0.5977,-70.129,22.4,-2.502,158.582,22.637,124.459
5998,-0.3257,0.4741,-0.8604,13.306,-20.813,-5.005,158.807,22.434,124.382
6008,-0.3887,0.499,-0.8589,13.306,-20.813,-5.005,158.807,22.615,124.354
6048,-0.4409,0.5107,-0.7554,-7.019,18.616,6.836,158.423,22.291,124.42
6057,-0.4409,0.5107,-0.7554,-7.019,18.616,6.836,158.412,22.143,124.415
6088,-0.3394,0.4033,-0.8926,32.288,-3.906,-0.183,159.164,22.044,124.387
6118,-0.2681,0.5093,-0.6938,26.917,-14.465,1.953,158.972,21.923,124.211
6147,-0.3198,0.5024,-0.9185,-2.686,-25.452,2.197,158.362,21.989,124.151
6167,-0.2393,0.2886,-1.3022,-22.461,0.0,-2.441,158.763,21.885,124.25
6177,-0.2393,0.2886,-1.3022,-51.453,2.136,-13.306,158.121,21.879,124.393
6198,-0.4927,0.4844,-0.8442,-80.627,-8.606,-13.489,156.555,22.434,124.464
6217,-0.4927,0.4844,-0.8442,5.249,2.258,-21.118,156.346,22.588,124.942
6257,-0.3931,0.2437,-1.1523,48.218,-23.682,7.446,157.626,22.681,125.002
6267,-0.2432,0.4365,-1.0181,-26.611,-8.301,23.743,157.253,22.566,124.733
6307,-0.3184,0.5566,-0.793,15.137,-0.671,-16.052,156.226,22.533,124.871
6356,-0.4272,0.1606,-0.6865,61.096,19.409,5.432,157.89,22.676,125.178
6367,-0.4272,0.1606,-0.6865,61.096,19.409,5.432,158.522,22.61,125.145
6377,-0.3965,0.3091,-0.8076,61.096,19.409,5.432,158.818,22.505,125.057
6407,-0.3208,0.5664,-0.9849,39.673,-26.001,4.7,159.104,22.462,124.579
6417,-0.3208,0.5664,-0.9849,47.974,-34.668,-6.409,159.417,22.758,124.508
6436,-0.689,0.7036,-0.8477,47.974,-34.668,-6.409,157.808,22.698,124.75
6466,-0.561,0.3848,-0.9438,-72.449,-28.809,-22.583,155.995,23.187,125.327
6486,-0.4829,0.2368,-0.7256,-72.449,-28.809,-22.583,156.204,22.445,125.815
6586,-0.5112,0.4873,-0.5615,-0.366,57.861,-0.977,153.078,24.175,125.931
6596,-0.5112,0.4873,-0.5615,-0.366,57.861,-0.977,152.869,23.522,126.14
6636,-0.3135,0.3535,-0.832,30.029,16.174,25.696,152.067,21.039,126.019
6666,-0.126,0.8721,-0.9941,58.838,-38.94,-2.808,153.424,22.374,125.469
6685,-0.3457,0.958,-0.9946,-35.034,-97.717,-27.771,153.089,24.67,124.964
6695,-0.5713,0.7119,-0.8115,-74.158,-28.32,-21.973,152.375,25.021,125.041
6725,-0.3999,0.3433,-0.6582,-90.576,125.244,9.46,150.04,22.593,126.694
6745,-0.3477,0.0298,-0.8257,29.114,44.128,47.607,149.958,20.951,126.727
6805,-0.2026,0.7227,-0.6919,-5.554,-92.041,-68.726,150.568,22.703,126.118
6825,-0.6416,0.7061,-0.9175,-37.109,-64.819,-38.94,150.359,25.005,125.942
6855,-0.4814,0.3486,-0.708,-79.041,77.026,-9.46,148.936,23.318,127.337
6874,-0.4116,0.2622,-0.8228,-79.041,77.026,-9.46,148.892,21.824,127.7
6895,-0.4116,0.2622,-0.8228,54.443,-12.695,4.883,149.804,21.643,127.502
6914,-0.4116,0.2622,-0.8228,27.954,-66.04,-28.87,150.425,22.835,127.326
6935,-0.457,0.6904,-0.8057,-16.479,-12.512,-6.592,150.32,23.566,127.244
6944,-0.457,0.6904,-0.8057,-16.479,-12.512,-6.592,149.87,23.214,127.348
6965,-0.377,0.394,-0.7783,-16.479,-12.512,-6.592,148.848,21.643,127.809
6974,-0.2207,0.4014,-0.8057,-16.479,-12.512,-6.592,148.975,21.297,127.727
7005,-0.2207,0.4014,-0.8057,112.366,14.282,33.936,151.705,20.566,127.222
7025,-0.4033,0.5537,-0.8789,112.366,14.282,33.936,152.402,20.457,126.876
7054,-0.3677,0.48,-0.8999,-18.127,-22.827,-8.301,151.551,21.138,126.749
7074,-0.3979,0.4194,-0.8535,-18.127,-22.827,-8.301,151.419,20.687,126.601
7114,-0.2378,0.791,-0.8921,-42.542,-3.723,10.01,150.502,20.176,125.656
7123,-0.2378,0.791,-0.8921,-42.542,-3.723,10.01,150.084,20.187,125.755
7154,-0.2334,0.8496,-1.0122,-58.716,57.373,-3.418,149.194,20.143,126.431
7163,-0.2334,0.8496,-1.0122,-58.716,57.373,-3.418,148.634,19.27,126.81
7224,-0.4385,0.5156,-0.689,69.092,-38.757,19.287,143.751,18.627,126.162
7313,-0.4272,0.0557,-0.0112,45.532,14.038,-13.428,140.087,18.858,126.271
7323,-0.4272,0.0557,-0.0112,-201.538,3.174,-6.165,138.093,18.875,126.343
7333,-0.4272,0.0557,-0.0112,-111.938,-9.033,-18.799,137.0,19.067,126.425
7363,-0.4736,0.2383,-1.2075,-6.042,-16.663,-11.169,137.225,20.473,126.107
7393,-0.335,0.7549,-0.9214,-29.785,-70.74,-20.386,135.742,22.231,124.953
7413,-0.3735,0.6782,-0.6636,-15.381,-11.047,-9.644,135.439,22.868,124.728
7422,-0.3735,0.6782,-0.6636,-46.387,25.94,4.517,135.038,22.654,124.887
7433,-0.373,0.5386,-0.6245,-46.387,25.94,4.517,134.302,22.187,125.112
7462,-0.3657,0.5396,-0.6299,-46.387,25.94,4.517,133.369,21.209,125.706
7483,-0.3672,0.4795,-0.7686,-46.387,25.94,4.517,134.951,21.292,125.881
7532,-0.3789,0.4653,-0.7544,-1.77,-7.202,7.08,135.654,21.264,125.469
7563,-0.415,0.4517,-0.8135,25.574,-13.855,-14.038,136.983,21.572,125.491
7592,-0.4434,0.2959,-0.7017,-12.329,6.165,-0.549,136.807,21.368,125.684
7612,-0.3838,0.5713,-0.7568,-2.136,23.499,20.691,136.917,20.847,125.612
7652,-0.2715,0.8486,-0.9023,62.683,-54.26,-41.016,138.79,21.962,125.041
7672,-0.46,0.459,-0.71,-8.301,-18.555,-25.879,139.081,22.879,125.123
7681,-0.46,0.459,-0.71,-8.301,-18.555,-25.879,138.735,22.802,125.294
7702,-0.5112,0.4194,-0.7305,-61.035,47.241,11.658,137.73,21.682,125.739
7721,-0.4648,0.27,-0.6616,-20.447,22.217,21.118,137.098,20.709,125.892
7732,-0.4648,0.27,-0.6616,5.371,-7.935,13.367,137.098,20.676,125.733
7751,-0.2334,0.5366,-0.8604,21.729,-14.709,12.085,137.576,20.748,125.272
7761,-0.2334,0.5366,-0.8604,69.275,-27.1,11.475,138.17,20.869,124.986
7771,-0.3291,0.981,-0.9116,69.275,-27.1,11.475,139.032,21.248,124.799
7791,-0.332,0.9517,-0.8901,38.025,-46.021,-33.813,140.175,22.505,124.689
7801,-0.332,0.9517,-0.8901,-15.32,-6.165,-20.203,140.169,22.753,124.816
7881,-0.3535,0.9077,-1.042,-51.453,63.599,21.545,139.79,21.368,124.772
7901,-0.1729,0.8145,-0.9185,47.729,-53.955,-40.71,140.62,22.742,124.667
7961,-0.4653,0.7192,-1.1685,-93.872,70.068,41.321,138.433,21.0,125.129
7980,-0.2119,0.6021,-0.8047,-93.872,70.068,41.321,140.043,21.292,125.42
8001,-0.4414,0.4175,-0.7529,-67.566,-8.423,-2.197,139.471,21.676,125.431
8010,-0.4414,0.4175,-0.7529,-67.566,-8.423,-2.197,138.675,21.489,125.502
8021,-0.4414,0.4175,-0.7529,-32.288,10.803,7.507,138.356,21.363,125.519
8071,-0.3799,0.6113,-0.752,-2.808,-0.061,5.92,140.57,20.825,125.387
8080,-0.248,0.4888,-0.9487,-2.808,-0.061,5.92,140.054,20.83,125.294
8110,-0.248,0.4888,-0.9487,-52.307,-11.047,15.93,137.856,20.77,124.794
8130,-0.3779,0.6094,-0.6997,29.236,10.132,13.428,137.972,20.522,124.618
8150,-0.3271,0.4175,-0.6992,76.416,19.653,11.475,139.378,20.083,124.678
8160,-0.3271,0.4175,-0.6992,76.416,19.653,11.475,140.059,19.924,124.7
8210,-0.3584,0.6304,-0.9614,3.479,5.798,3.418,139.724,20.039,124.42
8269,-0.4214,0.5854,-0.8076,76.233,-5.737,-7.446,142.811,20.402,124.167
8319,-0.3481,0.3574,-0.8545,65.247,-30.396,4.578,145.662,20.929,124.052
8330,-0.3491,0.6118,-0.8691,65.247,-30.396,4.578,146.03,21.16,123.766
8370,-0.3354,0.2861,-0.5815,33.081,28.198,8.789,147.085,20.577,123.695
8429,-0.3726,0.5635,-0.9585,62.805,-29.175,16.174,149.513,20.671,123.03
8459,-0.5098,0.1631,-0.6167,51.147,-10.437,-21.118,149.865,20.962,123.283
8469,-0.498,0.209,-0.7056,-103.638,19.165,13.184,148.969,20.869,123.267
8479,-0.4233,0.3794,-0.9082,-103.638,19.165,13.184,147.925,20.731,123.272
8499,-0.2598,0.6001,-1.0937,-39.001,-35.095,5.31,146.574,20.792,122.964
8509,-0.2598,0.6001,-1.0937,-39.001,-35.095,5.31,146.81,21.297,122.679
8519,-0.2598,0.6001,-1.0937,45.471,-83.008,-18.86,147.041,21.967,122.36
8559,-0.4819,0.2998,-0.6816,30.273,52.429,-22.461,147.244,22.599,122.498
8589,-0.4819,0.2998,-0.6816,-10.864,28.137,6.592,148.678,21.561,123.558
8618,-0.3887,0.2349,-0.9004,6.47,-47.668,-7.568,148.854,22.214,123.195
8629,-0.3706,0.4824,-0.8154,6.47,-47.668,-7.568,148.612,22.698,122.888
8648,-0.4204,0.6074,-0.875,-66.162,-40.588,32.959,146.959,23.209,121.838
8669,-0.4204,0.6074,-0.875,-17.456,-0.183,7.874,145.964,23.132,121.399
8718,-0.3931,0.1797,-0.7109,63.843,36.255,-21.057,149.365,22.412,122.904
8738,-0.3672,0.4194,-0.9463,63.843,36.255,-21.057,149.15,22.126,122.805
8758,-0.2935,0.6587,-1.0,-0.061,-37.964,0.61,148.727,22.396,122.333
8778,-0.2627,0.6865,-0.9922,-53.772,-64.27,5.92,147.755,23.297,121.591
8798,-0.4102,0.561,-0.8794,-55.542,-20.447,10.925,146.305,23.769,120.981
8808,-0.4673,0.479,-0.7749,-23.437,10.132,-0.61,146.118,23.725,121.047
8818,-0.4307,0.5,-0.7861,8.545,27.283,-11.902,146.327,23.577,121.322
8827,-0.4307,0.5,-0.7861,8.545,27.283,-11.902,146.706,23.412,121.635
8837,-0.4307,0.5,-0.7861,8.545,27.283,-11.902,147.041,23.307,121.871
8848,-0.3535,0.3843,-0.8262,8.545,27.283,-11.902,147.167,23.329,121.992
8867,-0.3535,0.3843,-0.8262,8.545,27.283,-11.902,146.569,23.818,121.822
8888,-0.3877,0.5293,-0.8555,-61.218,-36.377,2.93,145.206,24.423,121.339
8928,-0.5107,0.3794,-0.6714,45.349,41.077,-12.634,145.399,24.351,121.91
8937,-0.5107,0.3794,-0.6714,45.349,41.077,-12.634,146.228,24.109,122.223
8957,-0.3306,0.4214,-0.8179,60.364,32.288,2.441,147.458,23.599,122.426
8977,-0.292,0.6548,-0.9438,13.428,-0.977,10.193,147.332,23.489,122.108
8987,-0.292,0.6548,-0.9438,-32.104,-29.785,12.634,146.849,23.588,121.816
8997,-0.292,0.6548,-0.9438,-37.415,-28.198,11.414,146.316,23.698,121.542
9018,-0.4697,0.5493,-0.8462,-37.415,-28.198,11.414,145.887,23.752,121.355
9046,-0.4717,0.2925,-0.7007,28.503,41.687,-17.456,147.426,23.291,122.459
9067,-0.377,0.3374,-0.7363,33.752,42.114,-10.803,148.134,22.89,122.953
9086,-0.4302,0.4805,-1.0161,-30.273,-18.25,8.911,147.261,22.885,122.629
9147,-0.5078,0.4717,-0.7061,-11.047,13.611,-8.24,143.113,24.565,120.773
9176,-0.4155,0.354,-0.7031,44.678,44.495,-17.822,144.915,24.0,121.981
9216,-0.3335,0.4048,-0.7773,-23.376,-29.968,8.545,145.508,24.033,121.992
9226,-0.3335,0.4048,-0.7773,-23.376,-29.968,8.545,144.739,24.203,121.542
9256,-0.4497,0.8369,-0.8726,-30.334,-21.057,0.549,142.493,24.703,120.493
9286,-0.5547,0.2065,-0.6182,-30.334,-21.057,0.549,144.3,24.714,121.756
9305,-0.5322,0.1162,-0.5771,70.923,74.097,-17.151,146.711,24.126,123.074
9316,-0.397,0.3682,-0.5942,70.923,74.097,-17.151,147.442,23.708,123.547
9326,-0.397,0.3682,-0.5942,11.963,30.945,-2.319,147.651,23.395,123.75
9375,-0.4355,0.4131,-0.7964,2.075,-62.683,0.549,148.486,24.818,122.52
9425,-0.2397,0.7017,-1.0,37.415,22.949,-1.526,149.513,23.807,122.794
9446,-0.3213,0.6318,-0.9219,40.894,7.874,1.16,150.293,23.621,122.871
9455,-0.4355,0.5449,-0.877,40.894,7.874,1.16,150.502,23.708,122.926
9475,-0.4355,0.5449,-0.877,6.226,24.475,-3.54,150.732,23.676,123.201
9495,-0.4795,0.1904,-0.7202,-50.11,20.752,3.357,150.408,23.467,123.431
9515,-0.3442,0.3765,-0.9932,-68.298,14.832,14.709,149.277,23.027,123.398
9525,-0.3442,0.3765,-0.9932,-68.298,14.832,14.709,148.656,22.714,123.371
9565,-0.3169,0.6401,-0.9072,-116.394,7.202,-7.751,146.096,22.335,123.723
9644,-0.2681,0.7241,-0.8203,-26.306,-7.568,-12.573,142.756,21.335,124.662
9655,-0.4111,0.501,-0.749,-26.306,-7.568,-12.573,142.707,21.533,124.788
9674,-0.4473,0.3623,-0.6704,8.118,-1.038,-7.507,143.004,21.901,124.969
9684,-0.4473,0.3623,-0.6704,16.235,-2.625,7.874,143.207,21.934,124.887
9695,-0.4473,0.3623,-0.6704,14.465,-1.404,21.484,143.311,21.797,124.689
9714,-0.2202,0.9683,-0.9019,-5.249,-14.404,-5.371,143.119,21.66,124.475
9724,-0.2192,0.9453,-0.9111,-5.249,-14.404,-5.371,143.152,21.846,124.525
9764,-0.4937,0.2813,-0.6309,-6.409,-1.404,-11.414,143.405,22.56,124.843
9784,-0.5215,0.2954,-0.5596,-10.01,36.987,13.733,143.295,22.269,125.057
9824,-0.2744,0.7026,-0.9316,58.899,-16.724,-10.132,144.371,21.401,124.904
9853,-0.3818,0.4971,-0.7954,89.294,-27.771,-24.658,146.766,22.385,124.942
9874,-0.4487,0.4858,-0.772,89.294,-27.771,-24.658,146.497,22.302,124.893
9903,-0.293,0.7607,-1.0254,29.907,-2.808,0.549,146.321,21.616,124.854
9923,-0.2827,0.7393,-1.0332,56.274,-12.634,-10.986,147.513,21.901,124.904
9933,-0.4063,0.5117,-0.8481,56.274,-12.634,-10.986,147.964,22.209,124.871
10003,-0.2651,0.6685,-0.9766,21.301,-14.16,-3.784,146.81,21.901,124.557
10043,-0.3716,0.4531,-0.811,5.981,-17.151,4.211,148.392,23.038,124.233
10063,-0.3716,0.4531,-0.811,-39.185,18.86,14.648,147.656,22.808,124.113
10072,-0.3716,0.4531,-0.811,-39.185,18.86,14.648,147.255,22.495,124.162
10123,-0.2925,0.3867,-0.8237,10.437,-10.62,-6.592,147.618,22.335,124.596
10133,-0.2925,0.3867,-0.8237,10.437,-10.62,-6.592,147.728,22.423,124.552
10152,-0.4204,0.5571,-0.873,-0.977,-2.319,16.113,147.596,22.324,124.266
10192,-0.2832,0.6914,-0.9385,36.621,-35.828,-15.015,148.975,23.077,123.981
10213,-0.48,0.4058,-0.6616,-42.053,-1.465,10.864,148.392,23.318,123.739
10242,-0.4878,0.5195,-0.7544,-42.053,-1.465,10.864,146.843,22.423,123.942
10282,-0.2646,0.5132,-0.9531,73.853,-20.63,-11.475,147.898,21.616,124.173
10292,-0.2646,0.5132,-0.9531,73.853,-20.63,-11.475,148.777,21.934,124.129
10322,-0.4341,0.5469,-0.7974,-10.803,-14.709,2.991,149.376,22.67,123.788
10331,-0.4341,0.5469,-0.7974,-31.25,6.653,6.897,149.052,22.593,123.761
10342,-0.4341,0.5469,-0.7974,-31.25,6.653,6.897,148.799,22.346,123.805
10352,-0.3916,0.3115,-0.7207,-31.25,6.653,6.897,148.662,22.011,123.86
10382,-0.3843,0.2837,-0.667,-8.972,23.315,19.958,148.392,21.313,123.679
10411,-0.2222,0.9385,-1.1621,68.054,-29.724,-26.611,149.117,21.533,123.585
10422,-0.2617,0.8545,-1.0913,68.054,-29.724,-26.611,149.722,21.868,123.712
10432,-0.3589,0.6187,-0.9014,9.827,-18.372,-14.038,149.788,22.055,123.745
10451,-0.5991,0.1909,-0.6162,-50.842,7.08,5.188,148.618,21.967,123.788
10462,-0.5991,0.1909,-0.6162,-83.801,48.584,14.709,148.024,21.714,123.926
10501,-0.2607,0.5439,-1.021,1.953,-4.883,12.268,147.711,20.627,124.096
10521,-0.2607,0.5439,-1.021,91.37,-56.946,-22.644,148.574,21.083,123.799
10531,-0.2607,0.5439,-1.021,136.658,-88.013,-39.062,149.892,22.039,123.668
10540,-0.2607,0.5439,-1.021,-2.93,-27.771,11.841,149.766,22.22,123.404
10571,-0.5005,0.6831,-0.6704,-107.544,60.486,27.222,147.261,21.973,123.014
10641,-0.2705,0.4048,-0.9995,97.473,-46.387,-24.353,148.008,20.649,123.475
10670,-0.5859,0.4106,-0.6758,-35.522,-10.803,13.55,148.969,21.736,123.091
10681,-0.5859,0.4106,-0.6758,-72.449,26.794,16.724,148.244,21.423,123.085
10790,-0.3369,0.6206,-0.8169,-34.058,12.695,5.615,147.947,21.292,122.926
10830,-0.4424,0.2681,-0.6943,-28.015,11.536,-2.93,147.118,21.006,123.371
10850,-0.5127,0.0771,-0.6274,-28.015,11.536,-2.93,146.733,20.66,123.453
10860,-0.4297,0.1558,-0.6987,-28.015,11.536,-2.93,146.898,20.435,123.431
10879,-0.3384,0.2974,-0.7856,-28.015,11.536,-2.93,148.096,20.451,123.129
10900,-0.3384,0.2974,-0.7856,-25.33,-28.015,5.371,148.151,20.814,122.547
10940,-0.4199,0.9248,-0.8203,-38.574,25.513,4.15,147.074,22.126,121.992
10999,-0.4766,0.0371,-0.8467,73.242,-4.822,3.357,147.437,19.303,123.723
11049,-0.4199,0.666,-0.6865,2.625,-33.997,10.254,147.942,21.011,122.596
11069,-0.6035,0.561,-0.6694,-54.443,6.287,11.902,146.981,21.665,122.212
11079,-0.6035,0.561,-0.6694,-54.443,6.287,11.902,146.81,21.313,122.3
11089,-0.6035,0.561,-0.6694,-9.277,62.256,22.949,146.739,20.698,122.459
11098,-0.6035,0.561,-0.6694,-9.277,62.256,22.949,146.777,20.138,122.651
11109,-0.1338,0.7588,-0.9712,1.709,12.939,-6.104,146.788,19.924,122.783
11138,-0.1826,0.7935,-0.9785,1.709,12.939,-6.104,147.167,20.984,122.844
11159,-0.5396,0.2515,-0.6411,-9.888,-19.226,-9.033,146.739,21.264,122.849
11178,-0.5166,0.1587,-0.5874,-9.888,-19.226,-9.033,146.124,20.435,123.074
11189,-0.5166,0.1587,-0.5874,-6.836,47.913,28.259,146.206,19.929,123.107
11199,-0.1826,0.3472,-0.8267,31.982,23.987,19.653,146.624,19.539,123.08
11208,-0.1826,0.3472,-0.8267,31.982,23.987,19.653,147.107,19.484,122.986
11298,-0.5171,0.4165,-0.7144,-8.545,41.26,3.845,145.778,19.484,123.179
11318,-0.2451,0.4238,-0.8574,9.521,18.677,2.686,146.206,19.319,123.206
11328,-0.2314,0.502,-0.8892,27.832,-38.33,-7.568,146.475,19.611,123.047
11348,-0.2314,0.502,-0.8892,38.147,-56.641,-6.226,147.101,20.621,122.536
11388,-0.3091,0.6499,-0.8101,-9.338,16.418,5.432,146.948,20.753,122.184
11397,-0.3091,0.6499,-0.8101,-9.338,16.418,5.432,146.849,20.61,122.272
11418,-0.3086,0.5693,-0.8569,-9.338,16.418,5.432,146.794,20.72,122.454
11458,-0.3354,0.5356,-0.8345,-19.897,18.433,7.263,146.393,20.715,122.509
11528,-0.3315,0.373,-0.8247,38.391,-4.272,9.033,147.299,19.913,122.651
11557,-0.0674,1.02,-0.916,-20.813,-24.109,11.78,148.085,20.352,121.915
11567,-0.1353,1.1943,-0.8501,-74.28,-30.273,-8.911,147.09,20.5,121.827
11577,-0.1353,1.1943,-0.8501,-74.28,-30.273,-8.911,146.624,21.154,121.63
11637,-0.4629,0.2524,-0.6309,89.417,29.846,2.441,145.508,19.528,123.338
11657,-0.3657,-0.0244,-0.7505,89.417,29.846,2.441,170.414,19.572,123.398
11667,-0.3022,0.3145,-0.9687,41.26,-26.184,5.371,170.706,19.786,123.294
11677,-0.3022,0.3145,-0.9687,-14.587,-28.748,10.62,170.37,19.962,123.135
11717,-0.3223,0.8687,-0.8437,-24.414,-47.668,8.85,169.25,20.731,122.778
11726,-0.394,1.0112,-0.6353,-24.414,-47.668,8.85,168.223,21.022,122.668
11787,-0.4849,0.3496,-0.7124,-49.316,94.604,20.752,165.668,18.721,123.058
11806,-0.2974,0.4634,-0.7153,106.567,17.029,3.54,167.514,18.413,123.206
11827,-0.1738,0.5859,-1.1147,-2.258,8.362,-10.193,167.783,18.254,123.344
11836,-0.1738,0.5859,-1.1147,-2.258,8.362,-10.193,167.25,18.111,123.519
11876,-0.3965,0.3599,-1.0767,88.074,-54.077,-11.963,168.937,19.045,123.783
11976,-0.2251,0.584,-0.8965,5.432,-0.244,-6.653,164.306,17.913,123.003
11985,-0.2251,0.584,-0.8965,5.432,-0.244,-6.653,164.268,17.946,123.041
12025,-0.252,0.4424,-0.8843,-1.099,2.136,-0.488,163.971,17.781,122.964
12046,-0.2793,0.5552,-0.876,37.964,-7.813,-0.671,164.493,17.93,122.937
12086,-0.333,0.5903,-0.8657,-39.551,11.353,3.357,162.784,17.639,122.767
12115,-0.2026,0.5566,-0.8926,-39.551,11.353,3.357,162.356,17.314,122.948
12195,-0.166,0.4727,-0.9937,32.043,-15.137,-5.676,161.202,17.265,122.888
12204,-0.166,0.4727,-0.9937,32.043,-15.137,-5.676,161.516,17.474,122.959
12265,-0.3477,0.749,-0.6968,-12.085,14.954,-6.836,159.818,18.419,123.014
12284,-0.271,0.5542,-0.8828,-40.833,13.611,-17.578,158.972,18.16,123.437
12295,-0.271,0.5542,-0.8828,-46.204,15.381,-15.198,158.538,18.1,123.64
12305,-0.271,0.5542,-0.8828,-46.204,15.381,-15.198,158.242,18.067,123.816
12315,-0.4575,0.2129,-0.7212,-46.204,15.381,-15.198,158.115,18.029,123.931
12324,-0.4575,0.2129,-0.7212,-5.798,17.151,2.686,158.115,17.99,123.975
12345,-0.3105,0.3691,-0.8569,26.978,-6.714,5.005,158.445,18.023,123.854
12374,-0.1274,0.5874,-0.9404,47.424,-47.546,-18.738,158.763,18.913,123.69
12394,-0.21,0.646,-0.8477,-58.105,-60.303,-34.79,157.396,20.017,123.745
12404,-0.3545,0.7231,-0.6431,-61.707,-13.733,-37.659,156.632,20.286,124.058
12414,-0.2666,0.7998,-0.5293,-61.707,-13.733,-37.659,156.127,20.297,124.393
12434,-0.3677,0.6392,-0.5903,-18.005,57.373,28.87,155.451,19.611,124.503
12444,-0.3677,0.6392,-0.5903,4.395,59.57,41.626,155.22,18.979,124.36
12454,-0.3677,0.6392,-0.5903,85.327,26.184,32.288,155.967,18.688,124.167
12484,-0.2266,0.6401,-0.9609,71.655,11.597,1.831,157.538,18.358,124.113
12524,-0.3477,0.5859,-0.8286,-19.775,-11.658,-19.47,156.275,18.853,124.508
12554,-0.4375,0.6245,-0.7236,-35.278,9.521,8.24,155.402,19.237,124.426
12564,-0.4375,0.6245,-0.7236,-27.1,17.029,8.728,155.001,19.072,124.415
12663,-0.3481,0.5386,-0.8027,4.822,-12.39,-1.831,154.539,19.534,124.893
12684,-0.3833,0.4731,-0.7603,4.822,-12.39,-1.831,154.512,19.561,124.821
12693,-0.3833,0.4731,-0.7603,4.822,-12.39,-1.831,154.49,19.512,124.761
12733,-0.2563,0.5889,-0.8389,2.197,-10.681,-12.573,154.27,19.495,124.761
12753,-0.3008,0.5327,-0.8525,-0.305,-9.277,-11.597,154.21,19.715,124.909
12762,-0.3008,0.5327,-0.8525,-0.305,-9.277,-11.597,154.149,19.797,124.942
12773,-0.3008,0.5327,-0.8525,-2.563,-1.099,-0.732,154.045,19.814,124.942
12783,-0.3867,0.5288,-0.7754,-2.563,-1.099,-0.732,153.896,19.737,124.937
12802,-0.3867,0.4961,-0.7681,-13.611,22.949,11.23,153.512,19.347,124.937
12823,-0.3867,0.4961,-0.7681,-3.418,15.381,6.287,153.314,18.957,124.958
12872,-0.3218,0.5791,-0.8311,39.185,-24.536,1.038,154.33,19.534,124.547
12893,-0.3218,0.5791,-0.8311,-16.663,34.668,8.301,154.078,19.111,124.568
12902,-0.1733,0.8071,-0.7524,-16.663,34.668,8.301,153.809,18.891,124.607
12922,-0.1733,0.8071,-0.7524,-23.926,17.517,-3.479,152.886,18.743,124.711
12932,-0.1733,0.8071,-0.7524,37.109,26.855,-7.385,153.226,18.556,124.909
12952,-0.4243,0.3916,-0.7695,-51.086,30.396,14.648,152.595,18.171,124.991
12972,-0.3599,0.4043,-0.8188,1.953,28.015,16.357,152.155,17.595,124.948
12992,-0.3599,0.4043,-0.8188,41.321,-16.663,1.831,152.809,17.567,124.816
13022,-0.3203,0.6836,-0.8403,14.893,-30.762,-11.292,153.358,18.545,124.623
13032,-0.3467,0.5991,-0.9409,-6.714,-10.62,-6.714,153.237,18.66,124.634
13061,-0.3628,0.5249,-0.7974,-34.302,22.949,6.653,151.908,17.974,124.843
13082,-0.2881,0.4375,-0.8496,7.324,8.972,11.108,151.826,17.578,124.805
13141,-0.3145,0.666,-0.8408,-6.287,-2.563,-5.371,151.556,17.924,124.623
13152,-0.3145,0.666,-0.8408,-6.287,-2.563,-5.371,151.556,17.787,124.618
13192,-0.2407,0.6782,-0.9316,35.889,-11.108,20.569,151.875,17.183,123.755
13211,-0.2817,0.5928,-0.8989,12.573,-32.959,-2.441,152.067,17.556,123.437
13261,-0.501,0.4238,-0.8125,7.69,-20.325,33.997,152.089,18.71,122.031
13281,-0.1387,0.8545,-0.8066,7.69,-20.325,33.997,151.54,18.567,121.465
13301,-0.2314,0.8203,-0.8101,-45.654,6.897,-5.554,150.54,18.512,121.525
13371,-0.4019,0.2803,-0.6846,88.623,-13.733,1.77,152.814,18.463,122.58
13381,-0.2969,0.2236,-1.0127,88.623,-13.733,1.77,153.369,18.611,122.333
13430,-0.1021,0.8818,-1.2847,-44.617,-41.382,-18.433,151.567,19.462,121.822
13440,-0.5117,0.8433,-0.8311,-44.617,-41.382,-18.433,151.254,20.017,121.685
13470,-0.5308,0.4375,-0.4141,-65.247,41.199,7.507,149.376,18.737,122.201
13480,-0.3999,0.3203,-0.4043,-65.247,41.199,7.507,149.123,18.083,122.596
13490,-0.3999,0.3203,-0.4043,-65.247,41.199,7.507,149.881,17.99,122.8
13501,-0.3999,0.3203,-0.4043,114.563,24.048,0.366,151.062,17.776,122.921
13510,-0.3999,0.3203,-0.4043,119.141,14.771,5.371,152.265,17.622,122.948
13529,-0.125,0.6006,-1.2158,-33.264,-13.55,16.052,152.292,17.798,122.547
13550,-0.2695,0.8066,-1.2949,-68.848,-4.395,17.395,150.848,17.831,122.404
13569,0.0767,1.0786,-0.6699,-68.848,-4.395,17.395,150.452,18.182,122.454
13580,0.0767,1.0786,-0.6699,-2.441,-24.841,14.709,150.348,18.325,122.19
13590,-0.5811,0.3472,-0.5542,-2.441,-24.841,14.709,150.062,18.116,122.086
13620,-0.5278,0.2725,-0.623,24.841,21.301,1.77,149.859,17.254,122.217
13630,-0.2856,0.5186,-0.9771,67.932,-6.287,-4.395,150.54,17.331,122.228
13649,-0.2007,0.7061,-0.9067,17.517,-8.85,1.282,151.238,17.441,122.13
13659,-0.29,0.6602,-0.9263,17.517,-8.85,1.282,150.991,17.606,122.086
13670,-0.3174,0.6709,-0.7974,-29.907,-12.085,-10.681,150.705,17.765,122.119
13689,-0.4019,0.5625,-0.7192,5.737,-14.587,-10.01,150.661,18.138,122.179
13699,-0.3564,0.5356,-0.7075,5.737,-14.587,-10.01,150.688,18.149,122.19
13819,-0.3403,0.4526,-0.7607,-24.17,18.433,2.258,150.617,18.364,122.371
13849,-0.3662,0.3193,-0.7305,5.92,13.855,13.428,150.189,17.721,122.36
13868,-0.3564,0.3511,-0.7607,5.92,13.855,13.428,151.106,17.682,122.206
13898,-0.2368,0.5923,-0.9834,-2.625,-12.207,5.859,151.6,17.77,121.866
13908,-0.1997,0.7148,-0.9253,-15.015,-14.526,2.38,151.425,17.886,121.772
13919,-0.2778,0.7798,-0.7974,-15.015,-14.526,2.38,151.21,18.067,121.652
13948,-0.3716,0.8037,-0.6929,-16.968,10.437,2.38,150.749,18.314,121.509
13959,-0.439,0.6738,-0.6265,-16.968,10.437,2.38,150.485,18.007,121.602
13998,-0.2529,0.4424,-0.8936,41.016,-3.723,-6.714,151.419,18.177,121.729
14098,-0.2495,0.6543,-0.8696,-1.709,3.845,36.194,150.425,17.468,119.207
14108,-0.2988,0.7881,-0.9263,-1.709,3.845,36.194,150.348,17.238,118.938
14127,-0.2754,0.7578,-0.9092,-2.136,8.911,35.339,150.051,16.677,118.372
14148,-0.2754,0.7578,-0.9092,-9.46,7.568,24.658,149.568,16.166,117.944
14188,-0.3398,0.6396,-0.8047,-46.753,47.302,13.123,148.145,15.013,118.059
14228,-0.3203,0.3408,-0.7788,72.021,-13.733,1.648,148.947,14.947,118.026
14237,-0.2349,0.4707,-0.8677,72.021,-13.733,1.648,149.606,15.073,117.96
14247,-0.1099,0.5913,-1.0303,23.254,-17.761,-17.09,149.859,15.211,118.021
14258,-0.2153,0.6396,-1.0137,23.254,-17.761,-17.09,149.689,15.315,118.141
14268,-0.1152,0.7432,-1.0156,23.254,-17.761,-17.09,149.37,15.425,118.356
14297,-0.3306,0.6191,-0.8076,-8.667,-19.043,-33.508,149.87,16.496,118.63
14317,-0.3652,0.5723,-0.7729,-24.963,8.85,-1.648,149.683,16.71,118.696
14337,-0.3652,0.5723,-0.7729,-64.148,30.579,10.986,148.453,16.122,118.839
14357,-0.3359,0.4404,-0.9238,18.677,-3.113,-10.559,148.2,16.024,118.96
14407,-0.2983,0.4404,-0.8682,-31.25,-10.681,-7.385,149.277,16.644,118.795
14416,-0.1226,0.8672,-0.8892,-31.25,-10.681,-7.385,148.931,16.782,118.85
14447,-0.2422,0.7515,-0.8076,-18.982,18.982,-8.301,148.694,17.106,119.18
14466,-0.3789,0.3159,-0.6216,-85.938,54.993,11.902,147.382,16.386,119.592
14487,-0.4316,0.2656,-0.6221,37.415,-1.404,-5.127,147.266,16.32,119.778
14536,-0.1255,0.5928,-1.2285,-39.124,3.784,11.78,149.656,16.578,119.57
14557,-0.1255,0.5928,-1.2285,-17.944,-23.01,-39.001,148.986,16.798,119.806
14596,-0.4404,0.7446,-0.6958,-34.912,19.836,7.751,148.722,17.606,119.542
14666,-0.4038,0.4951,-0.9272,54.687,-14.282,18.86,149.991,16.194,120.174
14675,-0.4038,0.4951,-0.9272,54.687,-14.282,18.86,149.886,16.221,120.07
14696,0.0283,0.9282,-1.0308,54.687,-14.282,18.86,149.365,16.589,120.394
14725,-0.0811,0.7129,-0.7354,7.69,3.967,3.418,149.639,16.87,120.416
14736,-0.4629,0.2393,-0.4785,7.69,3.967,3.418,149.233,16.392,120.542
14776,-0.3208,0.2402,-0.793,91.614,-5.92,14.16,149.299,14.81,120.679
14785,-0.3208,0.2402,-0.793,91.614,-5.92,14.16,149.897,14.766,120.646
14825,-0.2466,0.7778,-0.9863,-27.527,-3.296,-5.371,150.507,15.645,121.124
14885,-0.3628,0.4258,-0.6494,-8.606,22.339,10.498,149.117,15.183,121.333
14925,-0.2295,0.6885,-0.9268,-3.601,-7.385,-8.24,149.722,15.353,121.157
15035,-0.2603,0.8013,-0.9961,19.592,-18.555,-5.676,150.112,15.919,121.031
15044,-0.2603,0.8013,-0.9961,19.592,-18.555,-5.676,149.991,15.974,121.069
15075,-0.2827,0.4541,-0.7168,8.972,3.845,-14.16,150.15,16.381,121.415
15084,-0.2827,0.4541,-0.7168,8.972,3.845,-14.16,150.128,16.304,121.525
15134,-0.188,0.5156,-0.9141,16.113,-11.169,17.883,149.409,15.496,121.284
15144,-0.188,0.5156,-0.9141,39.551,9.338,-13.245,149.848,15.48,121.454
15193,-0.2314,0.585,-0.9707,-1.282,-17.822,-21.973,150.392,16.293,121.959
15204,-0.2866,0.5693,-0.8809,47.058,-22.034,-18.799,150.881,16.578,122.014
15224,-0.3242,0.4741,-0.8379,16.052,-11.597,-5.798,151.425,16.941,122.025
15233,-0.3242,0.4741,-0.8379,16.052,-11.597,-5.798,151.403,16.99,121.987
15313,-0.2666,0.5181,-0.7485,24.109,2.686,10.132,150.43,16.271,121.333
15334,-0.3643,0.248,-0.8423,24.109,2.686,10.132,150.925,16.381,121.185
15343,-0.313,0.1626,-0.9077,24.109,2.686,10.132,151.611,16.545,121.047
15353,-0.2993,0.2368,-0.9722,24.109,2.686,10.132,152.353,16.705,120.822
15374,-0.0947,0.8853,-0.9863,-19.043,-14.526,27.344,152.21,16.54,120.19
15403,-0.0947,0.8853,-0.9863,-12.451,-30.64,-31.128,150.584,17.139,120.103
15423,-0.0947,0.8853,-0.9863,-12.451,-30.64,-31.128,150.573,16.611,120.927
15443,-0.0947,0.8853,-0.9863,-73.669,82.458,-9.155,-161.164,14.908,122.135
15463,-0.6235,-0.5146,-0.7124,125.488,-7.751,4.15,-159.192,14.848,122.3
15503,-0.2261,0.4019,-0.9141,-268.433,-90.515,-1.099,161.543,17.468,122.283
15513,-0.2261,0.4019,-0.9141,-268.433,-90.515,-1.099,158.873,18.177,121.948
15543,-0.0796,1.2876,-0.8125,-268.433,-90.515,-1.099,152.463,21.423,121.168
15553,-0.2559,1.0635,-0.6812,-172.18,-90.332,-50.11,150.749,22.456,121.196
15572,-0.5322,0.8418,-0.6729,-172.18,-90.332,-50.11,150.743,22.824,122.13
15593,-0.5322,0.8418,-0.6729,98.145,90.088,-1.587,152.238,21.302,123.289
15652,-0.4058,0.4609,-0.8657,-20.996,-1.221,15.32,159.104,18.869,123.816
15662,-0.3472,0.8071,-0.936,-20.996,-1.221,15.32,158.989,18.847,123.69
15702,-0.2583,0.7319,-0.7715,-120.85,-64.636,0.549,155.154,20.38,123.162
15802,-0.3203,0.4751,-0.8306,100.464,37.964,-6.897,158.005,19.363,124.244
15812,-0.2783,0.6743,-0.8662,-32.166,-3.235,16.113,157.632,19.336,124.074
15852,-0.1919,0.9629,-0.75,-40.161,-44.189,-10.254,153.149,20.555,123.481
15911,-0.4517,0.4253,-0.4819,124.878,23.621,0.977,156.412,19.21,124.481
15922,-0.3213,0.5649,-0.7427,124.878,23.621,0.977,157.527,19.056,124.508
15941,-0.2637,0.8125,-0.8735,-6.042,-20.935,7.629,157.928,19.254,124.255
16031,-0.458,0.6592,-0.4683,77.209,28.32,-0.549,158.203,18.226,124.343
16061,-0.2368,0.375,-0.8799,6.409,-4.7,3.113,159.005,17.99,124.371
16071,-0.2681,0.4365,-0.9541,6.409,-4.7,3.113,159.0,18.045,124.371
16090,-0.1934,0.7031,-0.7607,-99.792,-29.48,6.958,157.275,18.259,124.173
16101,-0.1934,0.7031,-0.7607,-135.559,-44.006,14.221,155.583,18.583,123.854
16111,-0.3276,0.9502,-0.6172,-135.559,-44.006,14.221,153.864,18.77,123.574
16151,-0.4478,0.8735,-0.4219,101.501,54.138,-18.616,153.105,17.875,124.568
16160,-0.4478,0.8735,-0.4219,101.501,54.138,-18.616,154.567,17.507,124.953
16191,-0.4067,0.2251,-0.8374,26.184,4.761,8.606,156.747,17.435,125.024
16221,-0.3262,0.4644,-1.0088,-3.601,-7.263,11.597,156.473,17.364,124.656
16300,-0.4468,0.7808,-0.6812,-18.494,7.813,-34.058,151.26,18.633,125.491
16310,-0.4468,0.7808,-0.6812,-18.494,7.813,-34.058,151.529,18.49,125.876
16340,-0.3857,0.3711,-0.6821,86.914,2.014,-1.16,154.468,18.655,126.134
16370,-0.3462,0.4521,-0.7832,-69.214,-20.325,-3.54,153.435,19.067,126.019
16389,-0.2368,0.5908,-0.8848,-69.641,-12.451,-8.484,151.963,19.243,126.002
16440,-0.3564,1.0234,-0.6328,-96.558,-7.446,-11.108,145.69,19.929,125.942
16450,-0.3555,1.0137,-0.6216,-85.449,-0.183,-13.855,144.646,19.979,126.063
16469,-0.3271,0.8804,-0.5864,-67.627,14.587,-20.203,142.921,19.962,126.519
16520,-0.4883,0.3486,-0.5752,128.845,60.73,5.554,146.261,18.918,128.595
16539,-0.397,0.3198,-0.7017,128.845,60.73,5.554,148.705,18.078,128.661
16559,-0.397,0.3198,-0.7017,24.048,8.362,44.25,149.513,17.397,128.073
16589,-0.1987,0.7495,-0.7124,-96.13,-31.128,36.499,146.261,17.391,126.639
16629,-0.3438,0.7866,-0.6128,-9.399,-14.099,9.521,143.921,17.831,125.695
16718,-0.2241,0.6333,-0.7856,5.554,5.798,-2.136,148.716,16.534,126.513
16739,-0.3501,0.3276,-0.7036,12.573,0.183,-20.447,149.183,16.897,126.914
16768,-0.3408,0.2764,-0.6719,12.573,0.183,-20.447,150.194,17.748,127.354
16779,-0.2485,0.5698,-0.8467,41.992,-8.789,-26.001,150.623,17.913,127.54
16808,-0.2485,0.5698,-0.8467,-150.33,-14.771,-36.743,148.508,18.567,128.639
16828,-0.1094,1.0977,-0.7114,-200.928,-55.115,-15.259,144.498,19.534,128.392
16868,-0.5718,0.6211,-0.561,-88.501,-19.104,-33.447,143.119,20.479,130.062
16888,-0.3857,0.3359,-0.3213,94.727,63.232,-19.714,145.519,19.803,131.655
16908,-0.5317,-0.0356,-0.7607,125.488,14.404,-4.517,-177.314,19.473,131.638
16918,-0.3096,0.2095,-0.9399,125.488,14.404,-4.517,167.432,19.391,131.144
16937,-0.2344,0.3882,-1.1436,-0.183,4.883,21.423,168.058,19.232,130.66
16958,-0.2344,0.3882,-1.1436,-108.337,6.226,6.348,165.959,19.028,130.463
16977,-0.2344,0.3882,-1.1436,-70.374,-2.258,12.695,165.822,19.358,129.99
17007,-0.6943,0.1772,-0.6489,135.681,-19.897,10.376,168.865,19.709,129.468
17038,-0.4565,0.2446,-0.7637,28.625,10.254,2.93,169.085,19.1,129.463
17067,-0.1812,0.9604,-0.8013,-78.491,-2.869,11.658,167.086,18.902,129.089
17107,-0.2041,0.9849,-0.7173,2.136,-1.648,5.676,166.185,19.204,128.765
17177,-0.2544,0.5215,-0.7871,48.828,-7.568,20.813,168.893,18.342,128.216
17207,-0.3027,0.6475,-0.7817,14.038,-7.813,24.536,169.437,18.528,127.386
17217,-0.3027,0.6475,-0.7817,0.488,-6.836,20.874,169.365,18.556,127.161
17226,-0.3027,0.6475,-0.7817,0.488,-6.836,20.874,169.206,18.578,127.013
17247,-0.2383,0.7178,-0.7622,-20.691,-2.686,5.127,168.788,18.578,126.974
17266,-0.2275,0.6382,-0.752,0.916,4.944,-7.08,168.728,18.512,127.117
17287,-0.3604,0.5122,-0.6519,0.916,4.944,-7.08,168.926,18.347,127.227
17326,-0.2612,0.6787,-0.8496,10.01,5.92,6.348,169.794,18.105,126.881
17336,-0.2612,0.6787,-0.8496,10.01,5.92,6.348,169.717,18.073,126.87
17366,-0.3003,0.7065,-0.8306,9.46,-17.578,-10.132,169.75,18.479,127.002
17376,-0.3003,0.7065,-0.8306,9.46,-17.578,-10.132,169.904,18.6,127.084
17436,-0.4258,0.4629,-0.5435,47.729,-8.667,17.883,170.607,18.089,126.733
17476,-0.2788,0.6641,-0.7378,7.629,-27.466,9.216,170.425,18.611,126.118
17506,-0.4048,0.4849,-0.6772,7.629,-27.466,9.216,169.92,18.55,125.782
17516,-0.4048,0.4849,-0.6772,45.41,-5.005,18.372,170.101,18.644,125.585
17535,-0.1377,0.5981,-0.853,58.105,-3.052,2.38,170.942,18.748,125.464
17605,-0.5088,0.4609,-0.7529,9.583,-2.258,-6.897,170.162,18.995,125.722
17625,-0.5088,0.4609,-0.7529,-14.038,32.41,-4.333,169.953,18.495,125.92
17645,-0.5088,0.4609,-0.7529,-14.038,32.41,-4.333,171.085,18.243,125.881
17655,-0.3677,0.2964,-0.8145,-14.038,32.41,-4.333,171.738,18.221,125.782
17685,-0.2656,0.4614,-0.9043,-98.511,-2.563,5.066,170.189,18.342,125.431
17695,-0.0698,0.9775,-0.9966,-114.014,-5.371,-13.611,169.091,18.419,125.563
17735,-0.1001,0.9541,-0.6919,7.141,-3.723,-2.075,165.476,19.21,125.678
17805,-0.2954,0.3896,-0.833,104.98,-3.662,18.921,173.013,17.606,125.414
17824,-0.2769,0.2227,-0.876,71.045,1.282,47.058,174.276,17.578,124.459
17845,-0.0913,0.3989,-0.8853,53.65,15.381,34.729,175.21,17.216,123.684
17854,-0.0913,0.3989,-0.8853,53.65,15.381,34.729,175.38,17.04,123.459
17894,-0.0894,0.8354,-0.9565,-97.9,23.804,-1.77,172.738,16.128,123.591
17904,-0.0894,0.8354,-0.9565,-97.9,23.804,-1.77,171.98,15.903,123.695
17914,-0.2446,0.7559,-0.8765,-97.9,23.804,-1.77,171.546,15.672,123.876
17934,-0.2187,0.7163,-0.8726,-97.9,23.804,-1.77,171.563,15.287,124.398
17944,-0.3301,0.5625,-0.8477,-97.9,23.804,-1.77,171.887,15.139,124.667
17954,-0.4097,0.459,-0.8271,-97.9,23.804,-1.77,172.326,14.991,124.887
17974,-0.4268,0.3408,-0.7861,37.048,10.193,-8.972,173.172,14.771,125.162
17994,-0.2983,0.3657,-0.8447,-4.395,-1.404,1.526,173.342,14.738,125.178
18014,-0.1465,0.481,-0.8545,-69.763,-12.878,7.263,172.227,14.925,125.024
18024,-0.1348,0.5356,-0.8301,-69.763,-12.878,7.263,171.299,15.084,124.937
18074,-0.3525,0.646,-0.8306,-4.7,-11.902,-7.507,168.459,16.018,125.002
18083,-0.3525,0.646,-0.8306,-4.7,-11.902,-7.507,168.195,16.078,125.096
18144,-0.208,0.5933,-0.8496,-9.46,-25.818,-19.409,167.509,16.809,125.964
18173,-0.3154,0.6201,-0.8359,12.878,-1.953,-15.991,166.899,17.292,126.381
18184,-0.3154,0.6201,-0.8359,28.992,1.343,-8.362,166.904,17.314,126.469
18194,-0.2847,0.5361,-0.8433,28.992,1.343,-8.362,167.432,17.452,126.414
18213,-0.1865,0.3037,-0.8154,28.992,1.343,-8.362,168.541,17.573,126.508
18223,-0.2573,0.4795,-0.8223,58.105,-12.878,-7.019,168.942,17.688,126.552
18233,-0.2573,0.4795,-0.8223,58.105,-12.878,-7.019,169.217,17.787,126.563
18243,-0.2554,0.3184,-0.8154,41.748,-7.263,3.235,169.508,17.836,126.513
18253,-0.3193,0.2271,-0.8369,41.748,-7.263,3.235,169.733,17.831,126.376
18273,-0.3242,0.3589,-0.8535,41.748,-7.263,3.235,169.887,17.754,126.03
18283,-0.2969,0.4502,-0.9014,11.841,-1.77,15.686,169.788,17.732,125.865
18293,-0.2969,0.4502,-0.9014,14.709,-7.385,9.277,169.695,17.748,125.755
18302,-0.2969,0.4502,-0.9014,14.709,-7.385,9.277,169.629,17.809,125.711
18382,-0.3696,0.5425,-0.8306,-22.583,22.827,-7.202,166.75,18.188,126.277
18392,-0.3696,0.5425,-0.8306,-23.804,24.231,-4.456,166.388,18.001,126.381
18403,-0.3833,0.4648,-0.6187,-23.804,24.231,-4.456,165.992,17.886,126.458
18422,-0.2979,0.2646,-0.7588,-23.804,24.231,-4.456,166.229,17.891,126.414
18443,-0.2979,0.2646,-0.7588,46.143,-9.46,10.559,166.899,18.018,126.2
18462,-0.3013,0.3179,-0.7554,50.354,-6.47,18.188,167.618,18.149,125.821
18472,-0.2095,0.4146,-0.8203,50.354,-6.47,18.188,167.794,18.073,125.596
18483,-0.1387,0.541,-0.9028,50.354,-6.47,18.188,167.739,17.946,125.354
18512,-0.1387,0.541,-0.9028,-3.296,-2.625,7.263,166.718,17.628,124.898
18532,-0.3013,0.7686,-1.0708,-3.296,-2.625,7.263,167.086,17.732,125.024
18552,-0.3013,0.7686,-1.0708,26.367,-4.395,-6.714,167.481,17.891,125.178
18572,-0.4155,0.2334,-0.7998,-7.263,11.841,4.578,167.344,17.847,125.167
18601,-0.3945,0.1621,-0.686,-26.611,19.226,9.094,166.558,17.622,125.013
18622,-0.2881,0.2935,-0.7427,-40.222,1.221,-5.554,165.652,17.573,125.118
18641,-0.1699,0.4292,-0.877,-66.406,-17.761,16.602,164.196,17.726,124.854
18662,-0.1699,0.4292,-0.877,-35.645,-31.372,4.761,162.938,18.056,124.536
18681,-0.1577,0.8354,-0.9062,-42.786,-32.288,5.371,161.697,18.43,124.277
18702,-0.2734,0.7998,-0.8887,-29.175,-18.738,4.456,160.313,18.754,123.981
18742,-0.3691,0.3486,-0.7012,3.418,43.64,-7.385,160.411,17.996,124.777
18761,-0.313,0.3262,-0.8027,3.418,43.64,-7.385,160.955,17.726,124.761
18771,-0.2915,0.3574,-0.8364,3.418,43.64,-7.385,160.994,17.606,124.695
18791,-0.2832,0.4629,-0.8721,-9.521,-13.672,13.367,160.521,17.584,124.382
18811,-0.2832,0.4629,-0.8721,15.564,-25.574,-0.488,160.269,17.803,124.14
18820,-0.2832,0.4629,-0.8721,19.043,-21.79,-6.714,160.258,17.93,124.129
18851,-0.2456,0.687,-0.9341,-10.071,25.94,-4.944,159.912,17.699,124.442
18860,-0.2456,0.687,-0.9341,-10.071,25.94,-4.944,159.785,17.38,124.607
18900,-0.3872,0.2339,-0.7695,6.287,6.287,14.526,159.829,16.617,124.766
18911,-0.3872,0.2339,-0.7695,16.785,-11.047,12.634,159.928,16.743,124.601
18921,-0.2764,0.4067,-0.873,16.785,-11.047,12.634,159.922,16.974,124.431
18990,-0.4639,0.4287,-0.7314,8.179,-5.615,-19.348,157.324,18.287,124.305
19020,-0.4932,-0.0967,-0.4683,27.344,23.987,6.958,-168.333,17.029,125.255
19030,-0.4932,-0.0967,-0.4683,27.344,23.987,6.958,-167.465,17.012,125.068
19040,-0.4932,-0.0967,-0.4683,94.238,-7.629,24.231,176.693,17.144,124.843
19090,-0.1509,1.0586,-1.1323,-25.818,-2.93,-6.897,175.715,18.133,123.997
19100,-0.231,0.896,-0.9175,-25.818,-2.93,-6.897,176.122,18.062,124.052
19119,-0.4287,0.3745,-0.6943,-25.818,-2.93,-6.897,178.352,18.413,124.371
19140,-0.3984,0.1792,-0.6611,37.537,-11.414,-4.089,178.638,18.419,124.316
19159,-0.1729,0.5015,-0.8945,-16.846,12.085,13.184,178.083,18.193,123.986
19180,-0.2002,0.9341,-1.1157,-60.425,-10.437,5.92,177.319,18.287,123.843
19189,-0.0825,1.064,-1.02,-60.425,-10.437,5.92,176.523,18.259,123.849
19229,-0.356,0.4478,-0.7104,24.902,-2.441,-22.095,176.787,18.386,124.415
19239,-0.4453,0.2285,-0.6182,24.902,-2.441,-22.095,176.55,18.171,124.371
19250,-0.4448,0.209,-0.4819,24.902,-2.441,-22.095,176.166,17.968,124.25
19269,-0.2617,0.3506,-0.9424,24.902,-2.441,-22.095,176.501,18.188,123.959
19279,-0.2617,0.3506,-0.9424,25.024,-7.874,5.249,176.732,18.259,123.898
19299,-0.0903,0.8335,-1.0747,18.25,-14.954,-1.038,177.111,18.704,123.942
19329,-0.3203,0.5649,-0.7251,-3.967,-21.057,-28.503,177.44,19.539,124.547
19379,-0.4038,0.333,-0.6797,-26.306,42.48,20.081,176.583,18.891,124.222
19399,-0.4038,0.333,-0.6797,-29.907,5.676,11.78,176.023,18.6,123.964
19439,-0.1821,0.7725,-0.8213,-62.195,21.729,2.869,174.65,18.287,123.75
19479,-0.3037,0.4731,-0.5317,18.555,10.193,-4.028,173.76,17.737,123.948
19488,-0.3037,0.4731,-0.5317,2.747,-1.526,-0.488,173.787,17.754,123.948
19498,-0.3037,0.4731,-0.5317,-29.053,-2.808,-1.465,173.496,17.781,123.959
19509,-0.3672,0.6997,-0.853,-29.053,-2.808,-1.465,173.221,17.781,124.052
19549,-0.2793,0.4141,-1.3281,22.156,-5.981,-21.79,174.106,17.974,124.991
19568,-0.3184,0.4697,-1.3213,-21.667,-9.338,-3.784,173.936,18.188,125.145
19578,-0.3247,0.6206,-1.2168,-21.667,-9.338,-3.784,173.644,18.259,125.118
19628,-0.3286,0.5796,-0.5781,11.963,-10.559,-5.92,172.842,18.836,125.107
19638,-0.3286,0.5796,-0.5781,1.953,-0.977,-5.188,172.463,18.946,125.156
19678,-0.4043,0.3271,-0.5396,-19.531,19.592,3.174,171.48,19.111,125.392
19688,-0.2119,0.4634,-0.7739,-19.531,19.592,3.174,170.826,18.973,125.2
19698,-0.1064,0.5483,-0.9189,-41.87,1.648,13.794,170.151,18.803,125.057
19717,-0.0776,0.7866,-1.0474,-41.87,1.648,13.794,169.717,18.616,124.937
19738,-0.2129,0.7344,-0.895,87.097,-25.269,-1.587,170.695,18.842,124.887
19787,-0.4688,0.3716,-0.543,-58.105,18.677,12.695,168.272,18.671,124.415
19797,-0.3496,0.606,-0.5142,-58.105,18.677,12.695,167.064,18.375,124.409
19827,-0.2637,0.5264,-1.0146,-58.105,18.677,12.695,166.937,18.193,124.47
19857,-0.2417,0.5737,-1.0781,24.902,-9.155,4.456,167.234,18.155,124.316
19867,-0.2905,0.5469,-0.8711,24.902,-9.155,4.456,167.179,18.166,124.233
19887,-0.2891,0.6792,-0.6958,4.7,4.211,12.878,166.696,18.034,123.997
19947,-0.353,0.3164,-0.8618,42.175,-6.409,-5.554,165.416,17.737,123.953
19957,-0.3008,0.3716,-0.9053,42.175,-6.409,-5.554,165.74,17.765,123.981
19978,-0.3008,0.3716,-0.9053,23.376,-8.911,3.479,165.542,17.754,123.788
20006,-0.208,0.8062,-0.9805,-18.921,4.761,5.554,163.982,17.413,123.47
