evaluation,fold,recording_id,subject_id,target,probability
LOSO,BIBI,dataset_a:imu_20260721_223610,BIBI,0,0.0
LOSO,BIBI,dataset_a:imu_20260721_223637,BIBI,0,0.0
LOSO,BIBI,dataset_a:imu_20260721_223912,BIBI,0,0.0
LOSO,BIBI,dataset_a:imu_20260721_223934,BIBI,0,0.0
LOSO,BIBI,dataset_a:imu_20260721_223956,BIBI,0,0.0
LOSO,BIBI,dataset_a:imu_20260721_224325,BIBI,0,0.0
LOSO,BIBI,dataset_a:imu_20260721_224347,BIBI,0,0.0
LOSO,BIBI,dataset_a:imu_20260721_224411,BIBI,0,0.0
LOSO,BIBI,dataset_a:imu_20260721_224433,BIBI,0,0.0
LOSO,BIBI,dataset_a:imu_20260721_224454,BIBI,0,0.0
LOSO,BIBI,dataset_a:imu_20260721_223440,BIBI,1,1.0
LOSO,BIBI,dataset_a:imu_20260721_223504,BIBI,1,1.0
LOSO,BIBI,dataset_a:imu_20260721_223730,BIBI,1,1.0
LOSO,BIBI,dataset_a:imu_20260721_223808,BIBI,1,1.0
LOSO,BIBI,dataset_a:imu_20260721_223840,BIBI,1,1.0
LOSO,BIBI,dataset_a:imu_20260721_224047,BIBI,1,1.0
LOSO,BIBI,dataset_a:imu_20260721_224120,BIBI,1,1.0
LOSO,BIBI,dataset_a:imu_20260721_224153,BIBI,1,1.0
LOSO,BIBI,dataset_a:imu_20260721_224224,BIBI,1,1.0
LOSO,BIBI,dataset_a:imu_20260721_224255,BIBI,1,1.0
LOSO,anna,dataset_b:anna_still_01,anna,0,0.0
LOSO,anna,dataset_b:anna_still_02,anna,0,0.0
LOSO,anna,dataset_b:anna_still_03,anna,0,0.0
LOSO,anna,dataset_b:anna_still_04,anna,0,0.0
LOSO,anna,dataset_b:anna_still_05,anna,0,0.0
LOSO,anna,dataset_b:anna_still_06,anna,0,0.0
LOSO,anna,dataset_b:anna_still_07,anna,0,0.0
LOSO,anna,dataset_b:anna_still_08,anna,0,0.0
LOSO,anna,dataset_b:anna_still_09,anna,0,0.0
LOSO,anna,dataset_b:anna_still_10,anna,0,0.0
LOSO,anna,dataset_b:anna_still_11,anna,0,0.0
LOSO,anna,dataset_b:anna_still_12,anna,0,0.0
LOSO,anna,dataset_b:anna_still_13,anna,0,0.0
LOSO,anna,dataset_b:anna_still_14,anna,0,0.0
LOSO,anna,dataset_b:anna_still_15,anna,0,0.0
LOSO,anna,dataset_b:anna_still_16,anna,0,0.0
LOSO,anna,dataset_b:anna_still_17,anna,0,0.0
LOSO,anna,dataset_b:anna_still_18,anna,0,0.0
LOSO,anna,dataset_b:anna_still_19,anna,0,0.0
LOSO,anna,dataset_b:anna_still_20,anna,0,0.0
LOSO,anna,dataset_b:anna_tremor_01,anna,1,1.0
LOSO,anna,dataset_b:anna_tremor_02,anna,1,0.8248634978161132
LOSO,anna,dataset_b:anna_tremor_03,anna,1,1.0
LOSO,anna,dataset_b:anna_tremor_04,anna,1,1.0
LOSO,anna,dataset_b:anna_tremor_05,anna,1,1.0
LOSO,anna,dataset_b:anna_tremor_06,anna,1,1.0
LOSO,anna,dataset_b:anna_tremor_07,anna,1,1.0
LOSO,anna,dataset_b:anna_tremor_08,anna,1,1.0
LOSO,anna,dataset_b:anna_tremor_09,anna,1,1.0
LOSO,anna,dataset_b:anna_tremor_10,anna,1,1.0
LOSO,anna,dataset_b:anna_tremor_11,anna,1,1.0
LOSO,anna,dataset_b:anna_tremor_12,anna,1,1.0
LOSO,anna,dataset_b:anna_tremor_13,anna,1,1.0
LOSO,anna,dataset_b:anna_tremor_14,anna,1,1.0
LOSO,anna,dataset_b:anna_tremor_15,anna,1,1.0
LOSO,anna,dataset_b:anna_tremor_16,anna,1,1.0
LOSO,anna,dataset_b:anna_tremor_17,anna,1,1.0
LOSO,anna,dataset_b:anna_tremor_18,anna,1,1.0
LOSO,anna,dataset_b:anna_tremor_19,anna,1,1.0
LOSO,anna,dataset_b:anna_tremor_20,anna,1,1.0
LOSO,euno,dataset_a:imu_20260721_203653,euno,0,0.0
LOSO,euno,dataset_a:imu_20260721_203715,euno,0,0.0
LOSO,euno,dataset_a:imu_20260721_203739,euno,0,0.0
LOSO,euno,dataset_a:imu_20260721_203800,euno,0,0.0
LOSO,euno,dataset_a:imu_20260721_203825,euno,0,0.0
LOSO,euno,dataset_a:imu_20260721_204013,euno,0,0.0
LOSO,euno,dataset_a:imu_20260721_220136,euno,0,0.0
LOSO,euno,dataset_a:imu_20260721_220201,euno,0,0.0
LOSO,euno,dataset_a:imu_20260721_220237,euno,0,0.0
LOSO,euno,dataset_a:imu_20260721_220259,euno,0,0.0
LOSO,euno,dataset_a:imu_20260721_220322,euno,0,0.0
LOSO,euno,dataset_a:imu_20260721_220347,euno,0,0.0
LOSO,euno,dataset_a:imu_20260721_220409,euno,0,0.0
LOSO,euno,dataset_a:imu_20260721_221129,euno,0,0.0
LOSO,euno,dataset_a:imu_20260721_221151,euno,0,0.0
LOSO,euno,dataset_a:imu_20260721_221214,euno,0,0.0
LOSO,euno,dataset_a:imu_20260721_221235,euno,0,0.0
LOSO,euno,dataset_a:imu_20260721_221256,euno,0,0.0
LOSO,euno,dataset_a:imu_20260721_221318,euno,0,0.0
LOSO,euno,dataset_a:imu_20260721_221339,euno,0,0.0
LOSO,euno,dataset_a:imu_20260721_221400,euno,0,0.0
LOSO,euno,dataset_a:imu_20260721_221433,euno,0,0.0
LOSO,euno,dataset_a:imu_20260721_221455,euno,0,0.0
LOSO,euno,dataset_a:imu_20260721_221516,euno,0,0.0
LOSO,euno,dataset_a:imu_20260721_221704,euno,0,0.0
LOSO,euno,dataset_a:imu_20260721_203056,euno,1,1.0
LOSO,euno,dataset_a:imu_20260721_203128,euno,1,1.0
LOSO,euno,dataset_a:imu_20260721_203200,euno,1,1.0
LOSO,euno,dataset_a:imu_20260721_203245,euno,1,1.0
LOSO,euno,dataset_a:imu_20260721_203312,euno,1,1.0
LOSO,euno,dataset_a:imu_20260721_203346,euno,1,1.0
LOSO,euno,dataset_a:imu_20260721_203417,euno,1,1.0
LOSO,euno,dataset_a:imu_20260721_203445,euno,1,1.0
LOSO,euno,dataset_a:imu_20260721_203519,euno,1,1.0
LOSO,euno,dataset_a:imu_20260721_203543,euno,1,1.0
LOSO,euno,dataset_a:imu_20260721_203606,euno,1,1.0
LOSO,euno,dataset_a:imu_20260721_215110,euno,1,1.0
LOSO,euno,dataset_a:imu_20260721_215133,euno,1,1.0
LOSO,euno,dataset_a:imu_20260721_215223,euno,1,1.0
LOSO,euno,dataset_a:imu_20260721_215726,euno,1,1.0
LOSO,euno,dataset_a:imu_20260721_215749,euno,1,1.0
LOSO,euno,dataset_a:imu_20260721_215828,euno,1,1.0
LOSO,euno,dataset_a:imu_20260721_215941,euno,1,1.0
LOSO,euno,dataset_a:imu_20260721_220015,euno,1,1.0
LOSO,euno,dataset_a:imu_20260721_220049,euno,1,1.0
LOSO,euno,dataset_a:imu_20260721_220445,euno,1,1.0
LOSO,euno,dataset_a:imu_20260721_220513,euno,1,1.0
LOSO,euno,dataset_a:imu_20260721_220956,euno,1,1.0
LOSO,euno,dataset_a:imu_20260721_221020,euno,1,1.0
LOSO,euno,dataset_a:imu_20260721_221056,euno,1,1.0
LOSO,march,dataset_a:imu_20260721_222227,march,0,0.0
LOSO,march,dataset_a:imu_20260721_222248,march,0,0.0
LOSO,march,dataset_a:imu_20260721_222310,march,0,0.0
LOSO,march,dataset_a:imu_20260721_222332,march,0,0.0
LOSO,march,dataset_a:imu_20260721_222355,march,0,0.0
LOSO,march,dataset_a:imu_20260721_222703,march,0,0.0
LOSO,march,dataset_a:imu_20260721_222726,march,0,0.0
LOSO,march,dataset_a:imu_20260721_222747,march,0,0.0
LOSO,march,dataset_a:imu_20260721_222813,march,0,0.0
LOSO,march,dataset_a:imu_20260721_222834,march,0,0.0
LOSO,march,dataset_a:imu_20260721_222005,march,1,0.7982491804610017
LOSO,march,dataset_a:imu_20260721_222050,march,1,0.809365291751054
LOSO,march,dataset_a:imu_20260721_222119,march,1,0.39491790149024814
LOSO,march,dataset_a:imu_20260721_222446,march,1,0.20033721500495236
LOSO,march,dataset_a:imu_20260721_222509,march,1,0.216562093545044
LOSO,march,dataset_a:imu_20260721_222534,march,1,0.23268723736597838
LOSO,march,dataset_a:imu_20260721_222600,march,1,1.0
LOSO,march,dataset_a:imu_20260721_222630,march,1,0.4079822571582976
LOSO,march,dataset_a:imu_20260721_222915,march,1,1.0
LOSO,march,dataset_a:imu_20260721_222939,march,1,0.41299588741872956
LOSO,mu,dataset_b:mu_still_01,mu,0,0.0
LOSO,mu,dataset_b:mu_still_02,mu,0,0.0
LOSO,mu,dataset_b:mu_still_03,mu,0,0.0
LOSO,mu,dataset_b:mu_still_04,mu,0,0.0
LOSO,mu,dataset_b:mu_still_05,mu,0,0.0
LOSO,mu,dataset_b:mu_still_06,mu,0,0.0
LOSO,mu,dataset_b:mu_still_07,mu,0,0.0
LOSO,mu,dataset_b:mu_still_08,mu,0,0.0
LOSO,mu,dataset_b:mu_still_09,mu,0,0.0
LOSO,mu,dataset_b:mu_still_10,mu,0,0.0
LOSO,mu,dataset_b:mu_still_11,mu,0,0.0
LOSO,mu,dataset_b:mu_still_12,mu,0,0.0
LOSO,mu,dataset_b:mu_still_13,mu,0,0.0
LOSO,mu,dataset_b:mu_still_14,mu,0,0.0
LOSO,mu,dataset_b:mu_still_15,mu,0,0.0
LOSO,mu,dataset_b:mu_still_16,mu,0,0.0
LOSO,mu,dataset_b:mu_still_17,mu,0,0.0
LOSO,mu,dataset_b:mu_still_18,mu,0,0.0
LOSO,mu,dataset_b:mu_still_19,mu,0,0.0
LOSO,mu,dataset_b:mu_still_20,mu,0,0.0
LOSO,mu,dataset_b:mu_tremor_01,mu,1,1.0
LOSO,mu,dataset_b:mu_tremor_02,mu,1,1.0
LOSO,mu,dataset_b:mu_tremor_03,mu,1,1.0
LOSO,mu,dataset_b:mu_tremor_04,mu,1,1.0
LOSO,mu,dataset_b:mu_tremor_05,mu,1,1.0
LOSO,mu,dataset_b:mu_tremor_06,mu,1,1.0
LOSO,mu,dataset_b:mu_tremor_07,mu,1,1.0
LOSO,mu,dataset_b:mu_tremor_08,mu,1,0.7990844099351326
LOSO,mu,dataset_b:mu_tremor_09,mu,1,1.0
LOSO,mu,dataset_b:mu_tremor_10,mu,1,1.0
LOSO,mu,dataset_b:mu_tremor_11,mu,1,1.0
LOSO,mu,dataset_b:mu_tremor_12,mu,1,1.0
LOSO,mu,dataset_b:mu_tremor_13,mu,1,1.0
LOSO,mu,dataset_b:mu_tremor_14,mu,1,1.0
LOSO,mu,dataset_b:mu_tremor_15,mu,1,1.0
LOSO,mu,dataset_b:mu_tremor_16,mu,1,1.0
LOSO,mu,dataset_b:mu_tremor_17,mu,1,1.0
LOSO,mu,dataset_b:mu_tremor_18,mu,1,0.7964566300942049
LOSO,mu,dataset_b:mu_tremor_19,mu,1,1.0
LOSO,mu,dataset_b:mu_tremor_20,mu,1,0.8166294248094235
LOSO,seojin,dataset_a:imu_20260721_201428,seojin,0,0.0
LOSO,seojin,dataset_a:imu_20260721_201455,seojin,0,0.0
LOSO,seojin,dataset_a:imu_20260721_201609,seojin,0,0.0
LOSO,seojin,dataset_a:imu_20260721_201735,seojin,0,0.0
LOSO,seojin,dataset_a:imu_20260721_201808,seojin,0,0.0
LOSO,seojin,dataset_a:imu_20260721_201832,seojin,0,0.0
LOSO,seojin,dataset_a:imu_20260721_201855,seojin,0,0.0
LOSO,seojin,dataset_a:imu_20260721_201917,seojin,0,0.0
LOSO,seojin,dataset_a:imu_20260721_201938,seojin,0,0.0
LOSO,seojin,dataset_a:imu_20260721_202000,seojin,0,0.0
LOSO,seojin,dataset_a:imu_20260721_202022,seojin,0,0.0
LOSO,seojin,dataset_a:imu_20260721_202043,seojin,0,0.0
LOSO,seojin,dataset_a:imu_20260721_202111,seojin,0,0.0
LOSO,seojin,dataset_a:imu_20260721_202136,seojin,0,0.0
LOSO,seojin,dataset_a:imu_20260721_202205,seojin,0,0.0
LOSO,seojin,dataset_a:imu_20260721_202252,seojin,0,0.0
LOSO,seojin,dataset_a:imu_20260721_202326,seojin,0,0.0
LOSO,seojin,dataset_a:imu_20260721_202355,seojin,0,0.0
LOSO,seojin,dataset_a:imu_20260721_202446,seojin,0,0.0
LOSO,seojin,dataset_a:imu_20260721_202508,seojin,0,0.0
LOSO,seojin,dataset_a:imu_20260721_202529,seojin,0,0.0
LOSO,seojin,dataset_a:imu_20260721_202550,seojin,0,0.0
LOSO,seojin,dataset_a:imu_20260721_202613,seojin,0,0.0
LOSO,seojin,dataset_a:imu_20260721_202634,seojin,0,0.0
LOSO,seojin,dataset_a:imu_20260721_202704,seojin,0,0.0
LOSO,seojin,dataset_a:imu_20260721_195856,seojin,1,1.0
LOSO,seojin,dataset_a:imu_20260721_200002,seojin,1,1.0
LOSO,seojin,dataset_a:imu_20260721_200033,seojin,1,1.0
LOSO,seojin,dataset_a:imu_20260721_200059,seojin,1,1.0
LOSO,seojin,dataset_a:imu_20260721_200128,seojin,1,1.0
LOSO,seojin,dataset_a:imu_20260721_200152,seojin,1,1.0
LOSO,seojin,dataset_a:imu_20260721_200233,seojin,1,1.0
LOSO,seojin,dataset_a:imu_20260721_200256,seojin,1,1.0
LOSO,seojin,dataset_a:imu_20260721_200321,seojin,1,1.0
LOSO,seojin,dataset_a:imu_20260721_200433,seojin,1,1.0
LOSO,seojin,dataset_a:imu_20260721_200508,seojin,1,1.0
LOSO,seojin,dataset_a:imu_20260721_200530,seojin,1,1.0
LOSO,seojin,dataset_a:imu_20260721_200553,seojin,1,1.0
LOSO,seojin,dataset_a:imu_20260721_200617,seojin,1,1.0
LOSO,seojin,dataset_a:imu_20260721_200642,seojin,1,1.0
LOSO,seojin,dataset_a:imu_20260721_200826,seojin,1,1.0
LOSO,seojin,dataset_a:imu_20260721_200851,seojin,1,1.0
LOSO,seojin,dataset_a:imu_20260721_201011,seojin,1,1.0
LOSO,seojin,dataset_a:imu_20260721_201034,seojin,1,1.0
LOSO,seojin,dataset_a:imu_20260721_201110,seojin,1,1.0
LOSO,seojin,dataset_a:imu_20260721_201149,seojin,1,1.0
LOSO,seojin,dataset_a:imu_20260721_201211,seojin,1,1.0
LOSO,seojin,dataset_a:imu_20260721_201234,seojin,1,1.0
LOSO,seojin,dataset_a:imu_20260721_201256,seojin,1,1.0
LOSO,seojin,dataset_a:imu_20260721_201318,seojin,1,1.0
cross_dataset,dataset_a_to_dataset_b,dataset_b:anna_still_01,anna,0,0.0
cross_dataset,dataset_a_to_dataset_b,dataset_b:anna_still_02,anna,0,0.0
cross_dataset,dataset_a_to_dataset_b,dataset_b:anna_still_03,anna,0,0.0
cross_dataset,dataset_a_to_dataset_b,dataset_b:anna_still_04,anna,0,0.0
cross_dataset,dataset_a_to_dataset_b,dataset_b:anna_still_05,anna,0,0.0
cross_dataset,dataset_a_to_dataset_b,dataset_b:anna_still_06,anna,0,0.0
cross_dataset,dataset_a_to_dataset_b,dataset_b:anna_still_07,anna,0,0.0
cross_dataset,dataset_a_to_dataset_b,dataset_b:anna_still_08,anna,0,0.0
cross_dataset,dataset_a_to_dataset_b,dataset_b:anna_still_09,anna,0,0.0
cross_dataset,dataset_a_to_dataset_b,dataset_b:anna_still_10,anna,0,0.0
cross_dataset,dataset_a_to_dataset_b,dataset_b:anna_still_11,anna,0,0.0
cross_dataset,dataset_a_to_dataset_b,dataset_b:anna_still_12,anna,0,0.0
cross_dataset,dataset_a_to_dataset_b,dataset_b:anna_still_13,anna,0,0.0
cross_dataset,dataset_a_to_dataset_b,dataset_b:anna_still_14,anna,0,0.0
cross_dataset,dataset_a_to_dataset_b,dataset_b:anna_still_15,anna,0,0.0
cross_dataset,dataset_a_to_dataset_b,dataset_b:anna_still_16,anna,0,0.0
cross_dataset,dataset_a_to_dataset_b,dataset_b:anna_still_17,anna,0,0.0
cross_dataset,dataset_a_to_dataset_b,dataset_b:anna_still_18,anna,0,0.0
cross_dataset,dataset_a_to_dataset_b,dataset_b:anna_still_19,anna,0,0.0
cross_dataset,dataset_a_to_dataset_b,dataset_b:anna_still_20,anna,0,0.0
cross_dataset,dataset_a_to_dataset_b,dataset_b:anna_tremor_01,anna,1,1.0
cross_dataset,dataset_a_to_dataset_b,dataset_b:anna_tremor_02,anna,1,0.8223215499874106
cross_dataset,dataset_a_to_dataset_b,dataset_b:anna_tremor_03,anna,1,1.0
cross_dataset,dataset_a_to_dataset_b,dataset_b:anna_tremor_04,anna,1,1.0
cross_dataset,dataset_a_to_dataset_b,dataset_b:anna_tremor_05,anna,1,1.0
cross_dataset,dataset_a_to_dataset_b,dataset_b:anna_tremor_06,anna,1,1.0
cross_dataset,dataset_a_to_dataset_b,dataset_b:anna_tremor_07,anna,1,1.0
cross_dataset,dataset_a_to_dataset_b,dataset_b:anna_tremor_08,anna,1,1.0
cross_dataset,dataset_a_to_dataset_b,dataset_b:anna_tremor_09,anna,1,1.0
cross_dataset,dataset_a_to_dataset_b,dataset_b:anna_tremor_10,anna,1,1.0
cross_dataset,dataset_a_to_dataset_b,dataset_b:anna_tremor_11,anna,1,1.0
cross_dataset,dataset_a_to_dataset_b,dataset_b:anna_tremor_12,anna,1,1.0
cross_dataset,dataset_a_to_dataset_b,dataset_b:anna_tremor_13,anna,1,1.0
cross_dataset,dataset_a_to_dataset_b,dataset_b:anna_tremor_14,anna,1,1.0
cross_dataset,dataset_a_to_dataset_b,dataset_b:anna_tremor_15,anna,1,1.0
cross_dataset,dataset_a_to_dataset_b,dataset_b:anna_tremor_16,anna,1,1.0
cross_dataset,dataset_a_to_dataset_b,dataset_b:anna_tremor_17,anna,1,1.0
cross_dataset,dataset_a_to_dataset_b,dataset_b:anna_tremor_18,anna,1,1.0
cross_dataset,dataset_a_to_dataset_b,dataset_b:anna_tremor_19,anna,1,1.0
cross_dataset,dataset_a_to_dataset_b,dataset_b:anna_tremor_20,anna,1,1.0
cross_dataset,dataset_a_to_dataset_b,dataset_b:mu_still_01,mu,0,0.0
cross_dataset,dataset_a_to_dataset_b,dataset_b:mu_still_02,mu,0,0.0
cross_dataset,dataset_a_to_dataset_b,dataset_b:mu_still_03,mu,0,0.0
cross_dataset,dataset_a_to_dataset_b,dataset_b:mu_still_04,mu,0,0.0
cross_dataset,dataset_a_to_dataset_b,dataset_b:mu_still_05,mu,0,0.0
cross_dataset,dataset_a_to_dataset_b,dataset_b:mu_still_06,mu,0,0.0
cross_dataset,dataset_a_to_dataset_b,dataset_b:mu_still_07,mu,0,0.0
cross_dataset,dataset_a_to_dataset_b,dataset_b:mu_still_08,mu,0,0.0
cross_dataset,dataset_a_to_dataset_b,dataset_b:mu_still_09,mu,0,0.0
cross_dataset,dataset_a_to_dataset_b,dataset_b:mu_still_10,mu,0,0.0
cross_dataset,dataset_a_to_dataset_b,dataset_b:mu_still_11,mu,0,0.0
cross_dataset,dataset_a_to_dataset_b,dataset_b:mu_still_12,mu,0,0.0
cross_dataset,dataset_a_to_dataset_b,dataset_b:mu_still_13,mu,0,0.0
cross_dataset,dataset_a_to_dataset_b,dataset_b:mu_still_14,mu,0,0.0
cross_dataset,dataset_a_to_dataset_b,dataset_b:mu_still_15,mu,0,0.0
cross_dataset,dataset_a_to_dataset_b,dataset_b:mu_still_16,mu,0,0.0
cross_dataset,dataset_a_to_dataset_b,dataset_b:mu_still_17,mu,0,0.0
cross_dataset,dataset_a_to_dataset_b,dataset_b:mu_still_18,mu,0,0.20902459111103047
cross_dataset,dataset_a_to_dataset_b,dataset_b:mu_still_19,mu,0,0.0
cross_dataset,dataset_a_to_dataset_b,dataset_b:mu_still_20,mu,0,0.0
cross_dataset,dataset_a_to_dataset_b,dataset_b:mu_tremor_01,mu,1,1.0
cross_dataset,dataset_a_to_dataset_b,dataset_b:mu_tremor_02,mu,1,1.0
cross_dataset,dataset_a_to_dataset_b,dataset_b:mu_tremor_03,mu,1,1.0
cross_dataset,dataset_a_to_dataset_b,dataset_b:mu_tremor_04,mu,1,1.0
cross_dataset,dataset_a_to_dataset_b,dataset_b:mu_tremor_05,mu,1,1.0
cross_dataset,dataset_a_to_dataset_b,dataset_b:mu_tremor_06,mu,1,1.0
cross_dataset,dataset_a_to_dataset_b,dataset_b:mu_tremor_07,mu,1,1.0
cross_dataset,dataset_a_to_dataset_b,dataset_b:mu_tremor_08,mu,1,0.800870463193295
cross_dataset,dataset_a_to_dataset_b,dataset_b:mu_tremor_09,mu,1,1.0
cross_dataset,dataset_a_to_dataset_b,dataset_b:mu_tremor_10,mu,1,1.0
cross_dataset,dataset_a_to_dataset_b,dataset_b:mu_tremor_11,mu,1,1.0
cross_dataset,dataset_a_to_dataset_b,dataset_b:mu_tremor_12,mu,1,1.0
cross_dataset,dataset_a_to_dataset_b,dataset_b:mu_tremor_13,mu,1,1.0
cross_dataset,dataset_a_to_dataset_b,dataset_b:mu_tremor_14,mu,1,1.0
cross_dataset,dataset_a_to_dataset_b,dataset_b:mu_tremor_15,mu,1,1.0
cross_dataset,dataset_a_to_dataset_b,dataset_b:mu_tremor_16,mu,1,1.0
cross_dataset,dataset_a_to_dataset_b,dataset_b:mu_tremor_17,mu,1,1.0
cross_dataset,dataset_a_to_dataset_b,dataset_b:mu_tremor_18,mu,1,0.42150273855056575
cross_dataset,dataset_a_to_dataset_b,dataset_b:mu_tremor_19,mu,1,0.8256862652841643
cross_dataset,dataset_a_to_dataset_b,dataset_b:mu_tremor_20,mu,1,0.8157092970376117
cross_dataset,dataset_b_to_dataset_a,dataset_a:imu_20260721_223610,BIBI,0,0.0
cross_dataset,dataset_b_to_dataset_a,dataset_a:imu_20260721_223637,BIBI,0,0.0
cross_dataset,dataset_b_to_dataset_a,dataset_a:imu_20260721_223912,BIBI,0,0.18221933833558943
cross_dataset,dataset_b_to_dataset_a,dataset_a:imu_20260721_223934,BIBI,0,0.19025246300409274
cross_dataset,dataset_b_to_dataset_a,dataset_a:imu_20260721_223956,BIBI,0,0.0
cross_dataset,dataset_b_to_dataset_a,dataset_a:imu_20260721_224325,BIBI,0,0.0
cross_dataset,dataset_b_to_dataset_a,dataset_a:imu_20260721_224347,BIBI,0,0.0
cross_dataset,dataset_b_to_dataset_a,dataset_a:imu_20260721_224411,BIBI,0,0.0
cross_dataset,dataset_b_to_dataset_a,dataset_a:imu_20260721_224433,BIBI,0,0.0
cross_dataset,dataset_b_to_dataset_a,dataset_a:imu_20260721_224454,BIBI,0,0.0
cross_dataset,dataset_b_to_dataset_a,dataset_a:imu_20260721_203653,euno,0,0.0
cross_dataset,dataset_b_to_dataset_a,dataset_a:imu_20260721_203715,euno,0,0.0
cross_dataset,dataset_b_to_dataset_a,dataset_a:imu_20260721_203739,euno,0,0.0
cross_dataset,dataset_b_to_dataset_a,dataset_a:imu_20260721_203800,euno,0,0.0
cross_dataset,dataset_b_to_dataset_a,dataset_a:imu_20260721_203825,euno,0,0.0
cross_dataset,dataset_b_to_dataset_a,dataset_a:imu_20260721_204013,euno,0,0.0
cross_dataset,dataset_b_to_dataset_a,dataset_a:imu_20260721_220136,euno,0,0.0
cross_dataset,dataset_b_to_dataset_a,dataset_a:imu_20260721_220201,euno,0,0.0
cross_dataset,dataset_b_to_dataset_a,dataset_a:imu_20260721_220237,euno,0,0.0
cross_dataset,dataset_b_to_dataset_a,dataset_a:imu_20260721_220259,euno,0,0.0
cross_dataset,dataset_b_to_dataset_a,dataset_a:imu_20260721_220322,euno,0,0.0
cross_dataset,dataset_b_to_dataset_a,dataset_a:imu_20260721_220347,euno,0,0.0
cross_dataset,dataset_b_to_dataset_a,dataset_a:imu_20260721_220409,euno,0,0.0
cross_dataset,dataset_b_to_dataset_a,dataset_a:imu_20260721_221129,euno,0,0.0
cross_dataset,dataset_b_to_dataset_a,dataset_a:imu_20260721_221151,euno,0,0.0
cross_dataset,dataset_b_to_dataset_a,dataset_a:imu_20260721_221214,euno,0,0.0
cross_dataset,dataset_b_to_dataset_a,dataset_a:imu_20260721_221235,euno,0,0.0
cross_dataset,dataset_b_to_dataset_a,dataset_a:imu_20260721_221256,euno,0,0.0
cross_dataset,dataset_b_to_dataset_a,dataset_a:imu_20260721_221318,euno,0,0.0
cross_dataset,dataset_b_to_dataset_a,dataset_a:imu_20260721_221339,euno,0,0.0
cross_dataset,dataset_b_to_dataset_a,dataset_a:imu_20260721_221400,euno,0,0.0
cross_dataset,dataset_b_to_dataset_a,dataset_a:imu_20260721_221433,euno,0,0.0
cross_dataset,dataset_b_to_dataset_a,dataset_a:imu_20260721_221455,euno,0,0.0
cross_dataset,dataset_b_to_dataset_a,dataset_a:imu_20260721_221516,euno,0,0.0
cross_dataset,dataset_b_to_dataset_a,dataset_a:imu_20260721_221704,euno,0,0.0
cross_dataset,dataset_b_to_dataset_a,dataset_a:imu_20260721_222227,march,0,0.0
cross_dataset,dataset_b_to_dataset_a,dataset_a:imu_20260721_222248,march,0,0.19608104392881517
cross_dataset,dataset_b_to_dataset_a,dataset_a:imu_20260721_222310,march,0,0.0
cross_dataset,dataset_b_to_dataset_a,dataset_a:imu_20260721_222332,march,0,0.19734915768913486
cross_dataset,dataset_b_to_dataset_a,dataset_a:imu_20260721_222355,march,0,0.18546924252463243
cross_dataset,dataset_b_to_dataset_a,dataset_a:imu_20260721_222703,march,0,0.0
cross_dataset,dataset_b_to_dataset_a,dataset_a:imu_20260721_222726,march,0,0.0
cross_dataset,dataset_b_to_dataset_a,dataset_a:imu_20260721_222747,march,0,0.0
cross_dataset,dataset_b_to_dataset_a,dataset_a:imu_20260721_222813,march,0,0.0
cross_dataset,dataset_b_to_dataset_a,dataset_a:imu_20260721_222834,march,0,0.0
cross_dataset,dataset_b_to_dataset_a,dataset_a:imu_20260721_201428,seojin,0,0.0
cross_dataset,dataset_b_to_dataset_a,dataset_a:imu_20260721_201455,seojin,0,0.0
cross_dataset,dataset_b_to_dataset_a,dataset_a:imu_20260721_201609,seojin,0,0.0
cross_dataset,dataset_b_to_dataset_a,dataset_a:imu_20260721_201735,seojin,0,0.0
cross_dataset,dataset_b_to_dataset_a,dataset_a:imu_20260721_201808,seojin,0,0.0
cross_dataset,dataset_b_to_dataset_a,dataset_a:imu_20260721_201832,seojin,0,0.0
cross_dataset,dataset_b_to_dataset_a,dataset_a:imu_20260721_201855,seojin,0,0.0
cross_dataset,dataset_b_to_dataset_a,dataset_a:imu_20260721_201917,seojin,0,0.0
cross_dataset,dataset_b_to_dataset_a,dataset_a:imu_20260721_201938,seojin,0,0.0
cross_dataset,dataset_b_to_dataset_a,dataset_a:imu_20260721_202000,seojin,0,0.0
cross_dataset,dataset_b_to_dataset_a,dataset_a:imu_20260721_202022,seojin,0,0.0
cross_dataset,dataset_b_to_dataset_a,dataset_a:imu_20260721_202043,seojin,0,0.0
cross_dataset,dataset_b_to_dataset_a,dataset_a:imu_20260721_202111,seojin,0,0.0
cross_dataset,dataset_b_to_dataset_a,dataset_a:imu_20260721_202136,seojin,0,0.0
cross_dataset,dataset_b_to_dataset_a,dataset_a:imu_20260721_202205,seojin,0,0.0
cross_dataset,dataset_b_to_dataset_a,dataset_a:imu_20260721_202252,seojin,0,0.0
cross_dataset,dataset_b_to_dataset_a,dataset_a:imu_20260721_202326,seojin,0,0.0
cross_dataset,dataset_b_to_dataset_a,dataset_a:imu_20260721_202355,seojin,0,0.0
cross_dataset,dataset_b_to_dataset_a,dataset_a:imu_20260721_202446,seojin,0,0.0
cross_dataset,dataset_b_to_dataset_a,dataset_a:imu_20260721_202508,seojin,0,0.0
cross_dataset,dataset_b_to_dataset_a,dataset_a:imu_20260721_202529,seojin,0,0.0
cross_dataset,dataset_b_to_dataset_a,dataset_a:imu_20260721_202550,seojin,0,0.0
cross_dataset,dataset_b_to_dataset_a,dataset_a:imu_20260721_202613,seojin,0,0.0
cross_dataset,dataset_b_to_dataset_a,dataset_a:imu_20260721_202634,seojin,0,0.594516173886555
cross_dataset,dataset_b_to_dataset_a,dataset_a:imu_20260721_202704,seojin,0,0.18843888174933945
cross_dataset,dataset_b_to_dataset_a,dataset_a:imu_20260721_223440,BIBI,1,1.0
cross_dataset,dataset_b_to_dataset_a,dataset_a:imu_20260721_223504,BIBI,1,1.0
cross_dataset,dataset_b_to_dataset_a,dataset_a:imu_20260721_223730,BIBI,1,1.0
cross_dataset,dataset_b_to_dataset_a,dataset_a:imu_20260721_223808,BIBI,1,1.0
cross_dataset,dataset_b_to_dataset_a,dataset_a:imu_20260721_223840,BIBI,1,1.0
cross_dataset,dataset_b_to_dataset_a,dataset_a:imu_20260721_224047,BIBI,1,1.0
cross_dataset,dataset_b_to_dataset_a,dataset_a:imu_20260721_224120,BIBI,1,1.0
cross_dataset,dataset_b_to_dataset_a,dataset_a:imu_20260721_224153,BIBI,1,1.0
cross_dataset,dataset_b_to_dataset_a,dataset_a:imu_20260721_224224,BIBI,1,1.0
cross_dataset,dataset_b_to_dataset_a,dataset_a:imu_20260721_224255,BIBI,1,1.0
cross_dataset,dataset_b_to_dataset_a,dataset_a:imu_20260721_203056,euno,1,1.0
cross_dataset,dataset_b_to_dataset_a,dataset_a:imu_20260721_203128,euno,1,1.0
cross_dataset,dataset_b_to_dataset_a,dataset_a:imu_20260721_203200,euno,1,1.0
cross_dataset,dataset_b_to_dataset_a,dataset_a:imu_20260721_203245,euno,1,1.0
cross_dataset,dataset_b_to_dataset_a,dataset_a:imu_20260721_203312,euno,1,1.0
cross_dataset,dataset_b_to_dataset_a,dataset_a:imu_20260721_203346,euno,1,1.0
cross_dataset,dataset_b_to_dataset_a,dataset_a:imu_20260721_203417,euno,1,1.0
cross_dataset,dataset_b_to_dataset_a,dataset_a:imu_20260721_203445,euno,1,1.0
cross_dataset,dataset_b_to_dataset_a,dataset_a:imu_20260721_203519,euno,1,1.0
cross_dataset,dataset_b_to_dataset_a,dataset_a:imu_20260721_203543,euno,1,1.0
cross_dataset,dataset_b_to_dataset_a,dataset_a:imu_20260721_203606,euno,1,1.0
cross_dataset,dataset_b_to_dataset_a,dataset_a:imu_20260721_215110,euno,1,1.0
cross_dataset,dataset_b_to_dataset_a,dataset_a:imu_20260721_215133,euno,1,1.0
cross_dataset,dataset_b_to_dataset_a,dataset_a:imu_20260721_215223,euno,1,1.0
cross_dataset,dataset_b_to_dataset_a,dataset_a:imu_20260721_215726,euno,1,1.0
cross_dataset,dataset_b_to_dataset_a,dataset_a:imu_20260721_215749,euno,1,1.0
cross_dataset,dataset_b_to_dataset_a,dataset_a:imu_20260721_215828,euno,1,1.0
cross_dataset,dataset_b_to_dataset_a,dataset_a:imu_20260721_215941,euno,1,1.0
cross_dataset,dataset_b_to_dataset_a,dataset_a:imu_20260721_220015,euno,1,1.0
cross_dataset,dataset_b_to_dataset_a,dataset_a:imu_20260721_220049,euno,1,1.0
cross_dataset,dataset_b_to_dataset_a,dataset_a:imu_20260721_220445,euno,1,0.8047292973550455
cross_dataset,dataset_b_to_dataset_a,dataset_a:imu_20260721_220513,euno,1,1.0
cross_dataset,dataset_b_to_dataset_a,dataset_a:imu_20260721_220956,euno,1,1.0
cross_dataset,dataset_b_to_dataset_a,dataset_a:imu_20260721_221020,euno,1,1.0
cross_dataset,dataset_b_to_dataset_a,dataset_a:imu_20260721_221056,euno,1,1.0
cross_dataset,dataset_b_to_dataset_a,dataset_a:imu_20260721_222005,march,1,0.6189940088489924
cross_dataset,dataset_b_to_dataset_a,dataset_a:imu_20260721_222050,march,1,1.0
cross_dataset,dataset_b_to_dataset_a,dataset_a:imu_20260721_222119,march,1,0.4079270255555199
cross_dataset,dataset_b_to_dataset_a,dataset_a:imu_20260721_222446,march,1,0.41143739956166026
cross_dataset,dataset_b_to_dataset_a,dataset_a:imu_20260721_222509,march,1,0.22256721554148304
cross_dataset,dataset_b_to_dataset_a,dataset_a:imu_20260721_222534,march,1,0.42659344753137324
cross_dataset,dataset_b_to_dataset_a,dataset_a:imu_20260721_222600,march,1,1.0
cross_dataset,dataset_b_to_dataset_a,dataset_a:imu_20260721_222630,march,1,0.8111876809987338
cross_dataset,dataset_b_to_dataset_a,dataset_a:imu_20260721_222915,march,1,1.0
cross_dataset,dataset_b_to_dataset_a,dataset_a:imu_20260721_222939,march,1,0.5993734133055555
cross_dataset,dataset_b_to_dataset_a,dataset_a:imu_20260721_195856,seojin,1,1.0
cross_dataset,dataset_b_to_dataset_a,dataset_a:imu_20260721_200002,seojin,1,1.0
cross_dataset,dataset_b_to_dataset_a,dataset_a:imu_20260721_200033,seojin,1,1.0
cross_dataset,dataset_b_to_dataset_a,dataset_a:imu_20260721_200059,seojin,1,1.0
cross_dataset,dataset_b_to_dataset_a,dataset_a:imu_20260721_200128,seojin,1,1.0
cross_dataset,dataset_b_to_dataset_a,dataset_a:imu_20260721_200152,seojin,1,1.0
cross_dataset,dataset_b_to_dataset_a,dataset_a:imu_20260721_200233,seojin,1,1.0
cross_dataset,dataset_b_to_dataset_a,dataset_a:imu_20260721_200256,seojin,1,1.0
cross_dataset,dataset_b_to_dataset_a,dataset_a:imu_20260721_200321,seojin,1,1.0
cross_dataset,dataset_b_to_dataset_a,dataset_a:imu_20260721_200433,seojin,1,1.0
cross_dataset,dataset_b_to_dataset_a,dataset_a:imu_20260721_200508,seojin,1,1.0
cross_dataset,dataset_b_to_dataset_a,dataset_a:imu_20260721_200530,seojin,1,1.0
cross_dataset,dataset_b_to_dataset_a,dataset_a:imu_20260721_200553,seojin,1,1.0
cross_dataset,dataset_b_to_dataset_a,dataset_a:imu_20260721_200617,seojin,1,1.0
cross_dataset,dataset_b_to_dataset_a,dataset_a:imu_20260721_200642,seojin,1,1.0
cross_dataset,dataset_b_to_dataset_a,dataset_a:imu_20260721_200826,seojin,1,1.0
cross_dataset,dataset_b_to_dataset_a,dataset_a:imu_20260721_200851,seojin,1,1.0
cross_dataset,dataset_b_to_dataset_a,dataset_a:imu_20260721_201011,seojin,1,1.0
cross_dataset,dataset_b_to_dataset_a,dataset_a:imu_20260721_201034,seojin,1,1.0
cross_dataset,dataset_b_to_dataset_a,dataset_a:imu_20260721_201110,seojin,1,1.0
cross_dataset,dataset_b_to_dataset_a,dataset_a:imu_20260721_201149,seojin,1,1.0
cross_dataset,dataset_b_to_dataset_a,dataset_a:imu_20260721_201211,seojin,1,1.0
cross_dataset,dataset_b_to_dataset_a,dataset_a:imu_20260721_201234,seojin,1,1.0
cross_dataset,dataset_b_to_dataset_a,dataset_a:imu_20260721_201256,seojin,1,1.0
cross_dataset,dataset_b_to_dataset_a,dataset_a:imu_20260721_201318,seojin,1,1.0
