level,rule,fold,classifier,feature_set,n_test_subjects,threshold,n_test,balanced_accuracy,sensitivity,specificity,macro_f1,auroc,auprc,tn,fp,fn,tp
recording,fixed_0.5,1,LightGBM,B1_time,32,0.5,311,0.7290671971706455,0.6564102564102564,0.8017241379310345,0.7068987182709223,0.7843059239610963,0.883451734677373,93,23,67,128
recording,selected,1,LightGBM,B1_time,32,0.543,311,0.7291777188328912,0.6307692307692307,0.8275862068965517,0.7019334944578715,0.7843059239610963,0.883451734677373,96,20,72,123
participant,fixed_0.5,1,LightGBM,B1_time,32,0.5,32,0.5416666666666666,1.0,0.08333333333333333,0.46907993966817496,0.9708333333333333,0.9870370370370369,1,11,0,20
participant,selected,1,LightGBM,B1_time,32,0.897,32,0.95,0.9,1.0,0.9352226720647774,0.9708333333333333,0.9870370370370369,12,0,2,18
recording,fixed_0.5,1,XGBoost,B1_time,32,0.5,311,0.7103006189213086,0.6102564102564103,0.8103448275862069,0.6828379953379953,0.7695844385499558,0.8722702102474947,94,22,76,119
recording,selected,1,XGBoost,B1_time,32,0.526,311,0.7069186560565871,0.5948717948717949,0.8189655172413793,0.6769837972579975,0.7695844385499558,0.8722702102474947,95,21,79,116
participant,fixed_0.5,1,XGBoost,B1_time,32,0.5,32,0.5416666666666666,1.0,0.08333333333333333,0.46907993966817496,0.9666666666666666,0.984537037037037,1,11,0,20
participant,selected,1,XGBoost,B1_time,32,0.833,32,0.95,0.9,1.0,0.9352226720647774,0.9666666666666666,0.984537037037037,12,0,2,18
recording,fixed_0.5,1,LightGBM,B2_time_frequency,32,0.5,311,0.7823165340406719,0.7025641025641025,0.8620689655172413,0.7586416645691753,0.8526967285587975,0.9239984136897796,100,16,58,137
recording,selected,1,LightGBM,B2_time_frequency,32,0.656,311,0.7946507515473034,0.6410256410256411,0.9482758620689655,0.7550572044437075,0.8526967285587975,0.9239984136897796,110,6,70,125
participant,fixed_0.5,1,LightGBM,B2_time_frequency,32,0.5,32,0.6,0.95,0.25,0.5833333333333333,0.9333333333333332,0.9718413978494623,3,9,1,19
participant,selected,1,LightGBM,B2_time_frequency,32,0.91,32,0.925,0.85,1.0,0.9039039039039038,0.9333333333333332,0.9718413978494623,12,0,3,17
recording,fixed_0.5,1,XGBoost,B2_time_frequency,32,0.5,311,0.7978116710875331,0.7076923076923077,0.8879310344827587,0.7720323364329396,0.8560123784261715,0.9259679914701038,103,13,57,138
recording,selected,1,XGBoost,B2_time_frequency,32,0.636,311,0.801525198938992,0.6461538461538462,0.9568965517241379,0.7615030674846626,0.8560123784261715,0.9259679914701038,111,5,69,126
participant,fixed_0.5,1,XGBoost,B2_time_frequency,32,0.5,32,0.5583333333333333,0.95,0.16666666666666666,0.5210884353741496,0.9416666666666665,0.9746376811594202,2,10,1,19
participant,selected,1,XGBoost,B2_time_frequency,32,0.948,32,0.925,0.85,1.0,0.9039039039039038,0.9416666666666665,0.9746376811594202,12,0,3,17
recording,fixed_0.5,2,LightGBM,B1_time,32,0.5,316,0.727159105111861,0.6984126984126984,0.7559055118110236,0.7178571428571429,0.7680289963754531,0.8487970556763476,96,31,57,132
recording,selected,2,LightGBM,B1_time,32,0.712,316,0.6776861225680123,0.4656084656084656,0.889763779527559,0.6337837974020215,0.7680289963754531,0.8487970556763476,113,14,101,88
participant,fixed_0.5,2,LightGBM,B1_time,32,0.5,32,0.5769230769230769,1.0,0.15384615384615385,0.5210884353741496,0.8380566801619433,0.900527057795289,2,11,0,19
participant,selected,2,LightGBM,B1_time,32,0.928,32,0.7651821862348178,0.6842105263157895,0.8461538461538461,0.7490196078431373,0.8380566801619433,0.900527057795289,11,2,6,13
recording,fixed_0.5,2,XGBoost,B1_time,32,0.5,316,0.6980585760113319,0.6402116402116402,0.7559055118110236,0.6847356168939143,0.7709036370453692,0.8556882624663005,96,31,68,121
recording,selected,2,XGBoost,B1_time,32,0.637,316,0.717368662250552,0.544973544973545,0.889763779527559,0.6832270740607082,0.7709036370453692,0.8556882624663005,113,14,86,103
participant,fixed_0.5,2,XGBoost,B1_time,32,0.5,32,0.5242914979757085,0.8947368421052632,0.15384615384615385,0.4793491864831039,0.8380566801619433,0.9043781202866542,2,11,2,17
participant,selected,2,XGBoost,B1_time,32,0.879,32,0.791497975708502,0.7368421052631579,0.8461538461538461,0.7793103448275862,0.8380566801619433,0.9043781202866542,11,2,5,14
recording,fixed_0.5,2,LightGBM,B2_time_frequency,32,0.5,316,0.7588426446694163,0.746031746031746,0.7716535433070866,0.7517320191414899,0.8473107528225639,0.9011235714053392,98,29,48,141
recording,selected,2,LightGBM,B2_time_frequency,32,0.547,316,0.761363162937966,0.7195767195767195,0.8031496062992126,0.750273556231003,0.8473107528225639,0.9011235714053392,102,25,53,136
participant,fixed_0.5,2,LightGBM,B2_time_frequency,32,0.5,32,0.6923076923076923,1.0,0.38461538461538464,0.6908212560386473,0.9311740890688258,0.9500790254049176,5,8,0,19
participant,selected,2,LightGBM,B2_time_frequency,32,0.963,32,0.8441295546558705,0.8421052631578947,0.8461538461538461,0.8398398398398399,0.9311740890688258,0.9500790254049176,11,2,3,16
recording,fixed_0.5,2,XGBoost,B2_time_frequency,32,0.5,316,0.7601341498979294,0.7407407407407407,0.7795275590551181,0.7521568627450981,0.8393950756155482,0.8991368947802917,99,28,49,140
recording,selected,2,XGBoost,B2_time_frequency,32,0.577,316,0.7560096654584844,0.6931216931216931,0.8188976377952756,0.7417857899462306,0.8393950756155482,0.8991368947802917,104,23,58,131
participant,fixed_0.5,2,XGBoost,B2_time_frequency,32,0.5,32,0.6923076923076923,1.0,0.38461538461538464,0.6908212560386473,0.9554655870445343,0.9683660230649803,5,8,0,19
participant,selected,2,XGBoost,B2_time_frequency,32,0.939,32,0.8704453441295547,0.8947368421052632,0.8461538461538461,0.8704453441295547,0.9554655870445343,0.9683660230649803,11,2,2,17
recording,fixed_0.5,3,LightGBM,B1_time,32,0.5,316,0.6528398341585155,0.5029585798816568,0.8027210884353742,0.6384622394119494,0.7195990822364449,0.7693304346597483,118,29,84,85
recording,selected,3,LightGBM,B1_time,32,0.665,316,0.6430584067946705,0.3609467455621302,0.9251700680272109,0.6009381201515425,0.7195990822364449,0.7693304346597483,136,11,108,61
participant,fixed_0.5,3,LightGBM,B1_time,32,0.5,32,0.5372549019607843,0.9411764705882353,0.13333333333333333,0.45893719806763283,0.8745098039215686,0.8951829091290502,2,13,1,16
participant,selected,3,LightGBM,B1_time,32,0.967,32,0.6431372549019608,0.35294117647058826,0.9333333333333333,0.6,0.8745098039215686,0.8951829091290502,14,1,11,6
recording,fixed_0.5,3,XGBoost,B1_time,32,0.5,316,0.6596425552469509,0.5029585798816568,0.8163265306122449,0.6443714450831889,0.7189147848488507,0.7740680066799819,120,27,84,85
recording,selected,3,XGBoost,B1_time,32,0.561,316,0.6466207784889104,0.44970414201183434,0.8435374149659864,0.6242414302115795,0.7189147848488507,0.7740680066799819,124,23,93,76
participant,fixed_0.5,3,XGBoost,B1_time,32,0.5,32,0.6,1.0,0.2,0.536231884057971,0.8823529411764706,0.8990443280927709,3,12,0,17
participant,selected,3,XGBoost,B1_time,32,0.957,32,0.6431372549019608,0.35294117647058826,0.9333333333333333,0.6,0.8823529411764706,0.8990443280927709,14,1,11,6
recording,fixed_0.5,3,LightGBM,B2_time_frequency,32,0.5,316,0.7105220786539468,0.5502958579881657,0.8707482993197279,0.6956332187648914,0.8016745159602301,0.8505940230440117,128,19,76,93
recording,selected,3,LightGBM,B2_time_frequency,32,0.47,316,0.709636517328825,0.5621301775147929,0.8571428571428571,0.696445725264169,0.8016745159602301,0.8505940230440117,126,21,74,95
participant,fixed_0.5,3,LightGBM,B2_time_frequency,32,0.5,32,0.6666666666666666,1.0,0.3333333333333333,0.6363636363636364,0.9568627450980393,0.9675391687775589,5,10,0,17
participant,selected,3,LightGBM,B2_time_frequency,32,0.968,32,0.8235294117647058,0.6470588235294118,1.0,0.8095238095238095,0.9568627450980393,0.9675391687775589,15,0,6,11
recording,fixed_0.5,3,XGBoost,B2_time_frequency,32,0.5,316,0.7134806585356035,0.5562130177514792,0.8707482993197279,0.699047619047619,0.7966429175220384,0.8468935206003669,128,19,75,94
recording,selected,3,XGBoost,B2_time_frequency,32,0.559,316,0.7034174616592199,0.5088757396449705,0.8979591836734694,0.6831594024964192,0.7966429175220384,0.8468935206003669,132,15,83,86
participant,fixed_0.5,3,XGBoost,B2_time_frequency,32,0.5,32,0.7,1.0,0.4,0.681063122923588,0.9686274509803923,0.9742905056759545,6,9,0,17
participant,selected,3,XGBoost,B2_time_frequency,32,0.962,32,0.8529411764705883,0.7058823529411765,1.0,0.8423645320197044,0.9686274509803923,0.9742905056759545,15,0,5,12
recording,fixed_0.5,4,LightGBM,B1_time,32,0.5,314,0.7001857480580884,0.7301587301587301,0.6702127659574468,0.69064039408867,0.7831813576494427,0.7783056388352924,126,62,34,92
recording,selected,4,LightGBM,B1_time,32,0.635,314,0.712386018237082,0.6428571428571429,0.7819148936170213,0.7134550084889644,0.7831813576494427,0.7783056388352924,147,41,45,81
participant,fixed_0.5,4,LightGBM,B1_time,32,0.5,32,0.5263157894736842,1.0,0.05263157894736842,0.34545454545454546,0.8947368421052632,0.9075990675990675,1,18,0,13
participant,selected,4,LightGBM,B1_time,32,0.939,32,0.8178137651821862,0.8461538461538461,0.7894736842105263,0.8095238095238095,0.8947368421052632,0.9075990675990675,15,4,2,11
recording,fixed_0.5,4,XGBoost,B1_time,32,0.5,314,0.677516041877744,0.753968253968254,0.601063829787234,0.6613073917290785,0.7808595069233367,0.7776324286440317,113,75,31,95
recording,selected,4,XGBoost,B1_time,32,0.652,314,0.7177051671732523,0.6428571428571429,0.7925531914893617,0.7193206487038692,0.7808595069233367,0.7776324286440317,149,39,45,81
participant,fixed_0.5,4,XGBoost,B1_time,32,0.5,32,0.5263157894736842,1.0,0.05263157894736842,0.34545454545454546,0.8947368421052632,0.9060490592998333,1,18,0,13
participant,selected,4,XGBoost,B1_time,32,0.886,32,0.7510121457489879,0.9230769230769231,0.5789473684210527,0.718475073313783,0.8947368421052632,0.9060490592998333,11,8,1,12
recording,fixed_0.5,4,LightGBM,B2_time_frequency,32,0.5,314,0.8090594393785884,0.7936507936507936,0.824468085106383,0.8061545866423916,0.8931526511313744,0.882607562827527,155,33,26,100
recording,selected,4,LightGBM,B2_time_frequency,32,0.624,314,0.8025582573454915,0.7380952380952381,0.8670212765957447,0.8056267076502732,0.8931526511313744,0.882607562827527,163,25,33,93
participant,fixed_0.5,4,LightGBM,B2_time_frequency,32,0.5,32,0.631578947368421,1.0,0.2631578947368421,0.5333333333333333,0.9757085020242916,0.972715318869165,5,14,0,13
participant,selected,4,LightGBM,B2_time_frequency,32,0.966,32,0.9352226720647774,0.9230769230769231,0.9473684210526315,0.9352226720647774,0.9757085020242916,0.972715318869165,18,1,1,12
recording,fixed_0.5,4,XGBoost,B2_time_frequency,32,0.5,314,0.8011229314420805,0.7777777777777778,0.824468085106383,0.7991127146108425,0.8878757176629517,0.8771132782626796,155,33,28,98
recording,selected,4,XGBoost,B2_time_frequency,32,0.484,314,0.8024316109422492,0.7857142857142857,0.8191489361702128,0.7995835556811166,0.8878757176629517,0.8771132782626796,154,34,27,99
participant,fixed_0.5,4,XGBoost,B2_time_frequency,32,0.5,32,0.6052631578947368,1.0,0.21052631578947367,0.4909862142099682,0.9878542510121457,0.9838264299802761,4,15,0,13
participant,selected,4,XGBoost,B2_time_frequency,32,0.959,32,0.8967611336032388,0.8461538461538461,0.9473684210526315,0.9015384615384616,0.9878542510121457,0.9838264299802761,18,1,2,11
recording,fixed_0.5,5,LightGBM,B1_time,32,0.5,312,0.7324786324786325,0.7264957264957265,0.7384615384615385,0.7241085411717076,0.782686828840675,0.747478058997103,144,51,32,85
recording,selected,5,LightGBM,B1_time,32,0.796,312,0.7076923076923077,0.46153846153846156,0.9538461538461539,0.7189189189189189,0.782686828840675,0.747478058997103,186,9,63,54
participant,fixed_0.5,5,LightGBM,B1_time,32,0.5,32,0.525,1.0,0.05,0.3266888150609081,0.9166666666666667,0.8529300016432368,1,19,0,12
participant,selected,5,LightGBM,B1_time,32,0.929,32,0.8083333333333333,0.6666666666666666,0.95,0.82281284606866,0.9166666666666667,0.8529300016432368,19,1,4,8
recording,fixed_0.5,5,XGBoost,B1_time,32,0.5,312,0.7188034188034188,0.7350427350427351,0.7025641025641025,0.7069123840283715,0.7780845934692088,0.7467568259026346,137,58,31,86
recording,selected,5,XGBoost,B1_time,32,0.698,312,0.7170940170940171,0.5213675213675214,0.9128205128205128,0.7277389277389277,0.7780845934692088,0.7467568259026346,178,17,56,61
participant,fixed_0.5,5,XGBoost,B1_time,32,0.5,32,0.525,1.0,0.05,0.3266888150609081,0.9,0.8376861349578069,1,19,0,12
participant,selected,5,XGBoost,B1_time,32,0.943,32,0.8083333333333333,0.6666666666666666,0.95,0.82281284606866,0.9,0.8376861349578069,19,1,4,8
recording,fixed_0.5,5,LightGBM,B2_time_frequency,32,0.5,312,0.747008547008547,0.7863247863247863,0.7076923076923077,0.7313395219893308,0.8529476221783914,0.8346647267151309,138,57,25,92
recording,selected,5,LightGBM,B2_time_frequency,32,0.631,312,0.7504273504273504,0.7008547008547008,0.8,0.7486828928462577,0.8529476221783914,0.8346647267151309,156,39,35,82
participant,fixed_0.5,5,LightGBM,B2_time_frequency,32,0.5,32,0.575,1.0,0.15,0.4231177094379639,1.0,1.0,3,17,0,12
participant,selected,5,LightGBM,B2_time_frequency,32,0.966,32,0.9583333333333333,0.9166666666666666,1.0,0.9660657476139979,1.0,1.0,20,0,1,11
recording,fixed_0.5,5,XGBoost,B2_time_frequency,32,0.5,312,0.7324786324786325,0.7521367521367521,0.7128205128205128,0.7200848611506918,0.8481262327416174,0.8254677176689911,139,56,29,88
recording,selected,5,XGBoost,B2_time_frequency,32,0.66,312,0.7452991452991453,0.6752136752136753,0.8153846153846154,0.7461294862772695,0.8481262327416174,0.8254677176689911,159,36,38,79
participant,fixed_0.5,5,XGBoost,B2_time_frequency,32,0.5,32,0.6,1.0,0.2,0.4666666666666667,0.9958333333333333,0.9935897435897435,4,16,0,12
participant,selected,5,XGBoost,B2_time_frequency,32,0.968,32,0.9166666666666667,0.8333333333333334,1.0,0.9307359307359306,0.9958333333333333,0.9935897435897435,20,0,2,10
